2026-05-24 00:47:25 [HikariPool-1:housekeeper] WARN  com.zaxxer.hikari.pool.HikariPool - HikariPool-1 - Thread starvation or clock leap detected (housekeeper delta=18m21s695ms).
2026-05-24 00:49:34 [HikariPool-1:housekeeper] WARN  com.zaxxer.hikari.pool.HikariPool - HikariPool-1 - Thread starvation or clock leap detected (housekeeper delta=2m9s446ms).
2026-05-24 01:06:53 [HikariPool-1:housekeeper] WARN  com.zaxxer.hikari.pool.PoolBase - HikariPool-1 - Failed to validate connection org.postgresql.jdbc.PgConnection@1452b83 (This connection has been closed.). Possibly consider using a shorter maxLifetime value.
2026-05-24 01:07:55 [HikariPool-1:housekeeper] WARN  com.zaxxer.hikari.pool.HikariPool - HikariPool-1 - Thread starvation or clock leap detected (housekeeper delta=18m20s190ms).
2026-05-24 01:09:03 [HikariPool-1:housekeeper] WARN  com.zaxxer.hikari.pool.PoolBase - HikariPool-1 - Failed to validate connection org.postgresql.jdbc.PgConnection@37650139 (This connection has been closed.). Possibly consider using a shorter maxLifetime value.
2026-05-24 01:37:41 [HikariPool-1:housekeeper] WARN  com.zaxxer.hikari.pool.PoolBase - HikariPool-1 - Failed to validate connection org.postgresql.jdbc.PgConnection@45a50d15 (This connection has been closed.). Possibly consider using a shorter maxLifetime value.
2026-05-24 01:37:41 [HikariPool-1:housekeeper] WARN  com.zaxxer.hikari.pool.HikariPool - HikariPool-1 - Thread starvation or clock leap detected (housekeeper delta=29m46s190ms).
2026-05-24 01:37:46 [HikariPool-1:housekeeper] WARN  com.zaxxer.hikari.pool.PoolBase - HikariPool-1 - Failed to validate connection org.postgresql.jdbc.PgConnection@6c328f3b (This connection has been closed.). Possibly consider using a shorter maxLifetime value.
2026-05-24 01:39:49 [HikariPool-1:housekeeper] WARN  com.zaxxer.hikari.pool.PoolBase - HikariPool-1 - Failed to validate connection org.postgresql.jdbc.PgConnection@52b338cd (This connection has been closed.). Possibly consider using a shorter maxLifetime value.
2026-05-24 01:39:50 [HikariPool-1:housekeeper] WARN  com.zaxxer.hikari.pool.HikariPool - HikariPool-1 - Thread starvation or clock leap detected (housekeeper delta=2m9s480ms).
2026-05-24 01:56:15 [HikariPool-1:housekeeper] WARN  com.zaxxer.hikari.pool.PoolBase - HikariPool-1 - Failed to validate connection org.postgresql.jdbc.PgConnection@450d15d6 (This connection has been closed.). Possibly consider using a shorter maxLifetime value.
2026-05-24 01:56:47 [HikariPool-1:housekeeper] WARN  com.zaxxer.hikari.pool.PoolBase - HikariPool-1 - Failed to validate connection org.postgresql.jdbc.PgConnection@76002321 (This connection has been closed.). Possibly consider using a shorter maxLifetime value.
2026-05-24 01:57:22 [HikariPool-1:connection-adder] WARN  com.zaxxer.hikari.pool.PoolBase - HikariPool-1 - Pool is empty, failed to create/setup connection (779bc899-5344-404e-8875-37dbe05b2efe)
org.postgresql.util.PSQLException: The connection attempt failed.
	at org.postgresql.core.v3.ConnectionFactoryImpl.openConnectionImpl(ConnectionFactoryImpl.java:385)
	at org.postgresql.core.ConnectionFactory.openConnection(ConnectionFactory.java:57)
	at org.postgresql.jdbc.PgConnection.<init>(PgConnection.java:290)
	at org.postgresql.Driver.makeConnection(Driver.java:448)
	at org.postgresql.Driver.connect(Driver.java:298)
	at com.zaxxer.hikari.util.DriverDataSource.getConnection(DriverDataSource.java:144)
	at com.zaxxer.hikari.pool.PoolBase.newConnection(PoolBase.java:373)
	at com.zaxxer.hikari.pool.PoolBase.newPoolEntry(PoolBase.java:210)
	at com.zaxxer.hikari.pool.HikariPool.createPoolEntry(HikariPool.java:488)
	at com.zaxxer.hikari.pool.HikariPool$PoolEntryCreator.call(HikariPool.java:752)
	at com.zaxxer.hikari.pool.HikariPool$PoolEntryCreator.call(HikariPool.java:731)
	at java.base/java.util.concurrent.FutureTask.run(FutureTask.java:317)
	at java.base/java.util.concurrent.ThreadPoolExecutor.runWorker(ThreadPoolExecutor.java:1144)
	at java.base/java.util.concurrent.ThreadPoolExecutor$Worker.run(ThreadPoolExecutor.java:642)
	at java.base/java.lang.Thread.run(Thread.java:1583)
Caused by: java.net.SocketTimeoutException: Read timed out
	at java.base/sun.nio.ch.NioSocketImpl.timedRead(NioSocketImpl.java:278)
	at java.base/sun.nio.ch.NioSocketImpl.implRead(NioSocketImpl.java:304)
	at java.base/sun.nio.ch.NioSocketImpl.read(NioSocketImpl.java:346)
	at java.base/sun.nio.ch.NioSocketImpl$1.read(NioSocketImpl.java:796)
	at java.base/java.net.Socket$SocketInputStream.read(Socket.java:1099)
	at org.postgresql.core.VisibleBufferedInputStream.readMore(VisibleBufferedInputStream.java:192)
	at org.postgresql.core.VisibleBufferedInputStream.ensureBytes(VisibleBufferedInputStream.java:159)
	at org.postgresql.core.VisibleBufferedInputStream.ensureBytes(VisibleBufferedInputStream.java:144)
	at org.postgresql.core.VisibleBufferedInputStream.read(VisibleBufferedInputStream.java:76)
	at org.postgresql.core.PGStream.receiveChar(PGStream.java:477)
	at org.postgresql.core.v3.ConnectionFactoryImpl.enableSSL(ConnectionFactoryImpl.java:627)
	at org.postgresql.core.v3.ConnectionFactoryImpl.tryConnect(ConnectionFactoryImpl.java:207)
	at org.postgresql.core.v3.ConnectionFactoryImpl.openConnectionImpl(ConnectionFactoryImpl.java:289)
	... 14 common frames omitted
2026-05-24 01:57:26 [HikariPool-1:housekeeper] WARN  com.zaxxer.hikari.pool.HikariPool - HikariPool-1 - Thread starvation or clock leap detected (housekeeper delta=17m35s864ms).
2026-05-24 01:58:31 [HikariPool-1:connection-adder] WARN  com.zaxxer.hikari.pool.PoolBase - HikariPool-1 - Pool is empty, failed to create/setup connection (96bb1430-50f5-47b1-abc3-d6425f6e545c)
org.postgresql.util.PSQLException: The connection attempt failed.
	at org.postgresql.core.v3.ConnectionFactoryImpl.openConnectionImpl(ConnectionFactoryImpl.java:385)
	at org.postgresql.core.ConnectionFactory.openConnection(ConnectionFactory.java:57)
	at org.postgresql.jdbc.PgConnection.<init>(PgConnection.java:290)
	at org.postgresql.Driver.makeConnection(Driver.java:448)
	at org.postgresql.Driver.connect(Driver.java:298)
	at com.zaxxer.hikari.util.DriverDataSource.getConnection(DriverDataSource.java:144)
	at com.zaxxer.hikari.pool.PoolBase.newConnection(PoolBase.java:373)
	at com.zaxxer.hikari.pool.PoolBase.newPoolEntry(PoolBase.java:210)
	at com.zaxxer.hikari.pool.HikariPool.createPoolEntry(HikariPool.java:488)
	at com.zaxxer.hikari.pool.HikariPool$PoolEntryCreator.call(HikariPool.java:752)
	at com.zaxxer.hikari.pool.HikariPool$PoolEntryCreator.call(HikariPool.java:731)
	at java.base/java.util.concurrent.FutureTask.run(FutureTask.java:317)
	at java.base/java.util.concurrent.ThreadPoolExecutor.runWorker(ThreadPoolExecutor.java:1144)
	at java.base/java.util.concurrent.ThreadPoolExecutor$Worker.run(ThreadPoolExecutor.java:642)
	at java.base/java.lang.Thread.run(Thread.java:1583)
Caused by: java.net.SocketTimeoutException: Read timed out
	at java.base/sun.nio.ch.NioSocketImpl.timedRead(NioSocketImpl.java:278)
	at java.base/sun.nio.ch.NioSocketImpl.implRead(NioSocketImpl.java:304)
	at java.base/sun.nio.ch.NioSocketImpl.read(NioSocketImpl.java:346)
	at java.base/sun.nio.ch.NioSocketImpl$1.read(NioSocketImpl.java:796)
	at java.base/java.net.Socket$SocketInputStream.read(Socket.java:1099)
	at org.postgresql.core.VisibleBufferedInputStream.readMore(VisibleBufferedInputStream.java:192)
	at org.postgresql.core.VisibleBufferedInputStream.ensureBytes(VisibleBufferedInputStream.java:159)
	at org.postgresql.core.VisibleBufferedInputStream.ensureBytes(VisibleBufferedInputStream.java:144)
	at org.postgresql.core.VisibleBufferedInputStream.read(VisibleBufferedInputStream.java:76)
	at org.postgresql.core.PGStream.receiveChar(PGStream.java:477)
	at org.postgresql.core.v3.ConnectionFactoryImpl.enableSSL(ConnectionFactoryImpl.java:627)
	at org.postgresql.core.v3.ConnectionFactoryImpl.tryConnect(ConnectionFactoryImpl.java:207)
	at org.postgresql.core.v3.ConnectionFactoryImpl.openConnectionImpl(ConnectionFactoryImpl.java:289)
	... 14 common frames omitted
2026-05-24 02:14:23 [HikariPool-1:connection-adder] WARN  com.zaxxer.hikari.pool.PoolBase - HikariPool-1 - Pool is empty, failed to create/setup connection (4ee3d39d-ba4d-461d-83a1-3bdc1df613b6)
org.postgresql.util.PSQLException: The connection attempt failed.
	at org.postgresql.core.v3.ConnectionFactoryImpl.openConnectionImpl(ConnectionFactoryImpl.java:385)
	at org.postgresql.core.ConnectionFactory.openConnection(ConnectionFactory.java:57)
	at org.postgresql.jdbc.PgConnection.<init>(PgConnection.java:290)
	at org.postgresql.Driver.makeConnection(Driver.java:448)
	at org.postgresql.Driver.connect(Driver.java:298)
	at com.zaxxer.hikari.util.DriverDataSource.getConnection(DriverDataSource.java:144)
	at com.zaxxer.hikari.pool.PoolBase.newConnection(PoolBase.java:373)
	at com.zaxxer.hikari.pool.PoolBase.newPoolEntry(PoolBase.java:210)
	at com.zaxxer.hikari.pool.HikariPool.createPoolEntry(HikariPool.java:488)
	at com.zaxxer.hikari.pool.HikariPool$PoolEntryCreator.call(HikariPool.java:752)
	at com.zaxxer.hikari.pool.HikariPool$PoolEntryCreator.call(HikariPool.java:731)
	at java.base/java.util.concurrent.FutureTask.run(FutureTask.java:317)
	at java.base/java.util.concurrent.ThreadPoolExecutor.runWorker(ThreadPoolExecutor.java:1144)
	at java.base/java.util.concurrent.ThreadPoolExecutor$Worker.run(ThreadPoolExecutor.java:642)
	at java.base/java.lang.Thread.run(Thread.java:1583)
Caused by: java.net.SocketTimeoutException: Read timed out
	at java.base/sun.nio.ch.NioSocketImpl.timedRead(NioSocketImpl.java:278)
	at java.base/sun.nio.ch.NioSocketImpl.implRead(NioSocketImpl.java:304)
	at java.base/sun.nio.ch.NioSocketImpl.read(NioSocketImpl.java:346)
	at java.base/sun.nio.ch.NioSocketImpl$1.read(NioSocketImpl.java:796)
	at java.base/java.net.Socket$SocketInputStream.read(Socket.java:1099)
	at org.postgresql.core.VisibleBufferedInputStream.readMore(VisibleBufferedInputStream.java:192)
	at org.postgresql.core.VisibleBufferedInputStream.ensureBytes(VisibleBufferedInputStream.java:159)
	at org.postgresql.core.VisibleBufferedInputStream.ensureBytes(VisibleBufferedInputStream.java:144)
	at org.postgresql.core.VisibleBufferedInputStream.read(VisibleBufferedInputStream.java:76)
	at org.postgresql.core.PGStream.receiveChar(PGStream.java:477)
	at org.postgresql.core.v3.ConnectionFactoryImpl.enableSSL(ConnectionFactoryImpl.java:627)
	at org.postgresql.core.v3.ConnectionFactoryImpl.tryConnect(ConnectionFactoryImpl.java:207)
	at org.postgresql.core.v3.ConnectionFactoryImpl.openConnectionImpl(ConnectionFactoryImpl.java:289)
	... 14 common frames omitted
2026-05-24 02:14:52 [HikariPool-1:housekeeper] WARN  com.zaxxer.hikari.pool.HikariPool - HikariPool-1 - Thread starvation or clock leap detected (housekeeper delta=17m26s52ms).
2026-05-24 02:16:32 [HikariPool-1:connection-adder] WARN  com.zaxxer.hikari.pool.PoolBase - HikariPool-1 - Pool is empty, failed to create/setup connection (b3d2174a-68c1-4289-9f8b-88ac8253e034)
org.postgresql.util.PSQLException: The connection attempt failed.
	at org.postgresql.core.v3.ConnectionFactoryImpl.openConnectionImpl(ConnectionFactoryImpl.java:385)
	at org.postgresql.core.ConnectionFactory.openConnection(ConnectionFactory.java:57)
	at org.postgresql.jdbc.PgConnection.<init>(PgConnection.java:290)
	at org.postgresql.Driver.makeConnection(Driver.java:448)
	at org.postgresql.Driver.connect(Driver.java:298)
	at com.zaxxer.hikari.util.DriverDataSource.getConnection(DriverDataSource.java:144)
	at com.zaxxer.hikari.pool.PoolBase.newConnection(PoolBase.java:373)
	at com.zaxxer.hikari.pool.PoolBase.newPoolEntry(PoolBase.java:210)
	at com.zaxxer.hikari.pool.HikariPool.createPoolEntry(HikariPool.java:488)
	at com.zaxxer.hikari.pool.HikariPool$PoolEntryCreator.call(HikariPool.java:752)
	at com.zaxxer.hikari.pool.HikariPool$PoolEntryCreator.call(HikariPool.java:731)
	at java.base/java.util.concurrent.FutureTask.run(FutureTask.java:317)
	at java.base/java.util.concurrent.ThreadPoolExecutor.runWorker(ThreadPoolExecutor.java:1144)
	at java.base/java.util.concurrent.ThreadPoolExecutor$Worker.run(ThreadPoolExecutor.java:642)
	at java.base/java.lang.Thread.run(Thread.java:1583)
Caused by: java.net.SocketTimeoutException: Read timed out
	at java.base/sun.nio.ch.NioSocketImpl.timedRead(NioSocketImpl.java:278)
	at java.base/sun.nio.ch.NioSocketImpl.implRead(NioSocketImpl.java:304)
	at java.base/sun.nio.ch.NioSocketImpl.read(NioSocketImpl.java:346)
	at java.base/sun.nio.ch.NioSocketImpl$1.read(NioSocketImpl.java:796)
	at java.base/java.net.Socket$SocketInputStream.read(Socket.java:1099)
	at org.postgresql.core.VisibleBufferedInputStream.readMore(VisibleBufferedInputStream.java:192)
	at org.postgresql.core.VisibleBufferedInputStream.ensureBytes(VisibleBufferedInputStream.java:159)
	at org.postgresql.core.VisibleBufferedInputStream.ensureBytes(VisibleBufferedInputStream.java:144)
	at org.postgresql.core.VisibleBufferedInputStream.read(VisibleBufferedInputStream.java:76)
	at org.postgresql.core.PGStream.receiveChar(PGStream.java:477)
	at org.postgresql.core.v3.ConnectionFactoryImpl.enableSSL(ConnectionFactoryImpl.java:627)
	at org.postgresql.core.v3.ConnectionFactoryImpl.tryConnect(ConnectionFactoryImpl.java:207)
	at org.postgresql.core.v3.ConnectionFactoryImpl.openConnectionImpl(ConnectionFactoryImpl.java:289)
	... 14 common frames omitted
2026-05-24 02:16:37 [HikariPool-1:housekeeper] WARN  com.zaxxer.hikari.pool.HikariPool - HikariPool-1 - Thread starvation or clock leap detected (housekeeper delta=1m44s593ms).
2026-05-24 02:30:10 [HikariPool-1:connection-adder] WARN  com.zaxxer.hikari.pool.PoolBase - HikariPool-1 - Pool is empty, failed to create/setup connection (3d9ef56e-b7d1-4341-84fe-ef7dd565ac6e)
org.postgresql.util.PSQLException: The connection attempt failed.
	at org.postgresql.core.v3.ConnectionFactoryImpl.openConnectionImpl(ConnectionFactoryImpl.java:385)
	at org.postgresql.core.ConnectionFactory.openConnection(ConnectionFactory.java:57)
	at org.postgresql.jdbc.PgConnection.<init>(PgConnection.java:290)
	at org.postgresql.Driver.makeConnection(Driver.java:448)
	at org.postgresql.Driver.connect(Driver.java:298)
	at com.zaxxer.hikari.util.DriverDataSource.getConnection(DriverDataSource.java:144)
	at com.zaxxer.hikari.pool.PoolBase.newConnection(PoolBase.java:373)
	at com.zaxxer.hikari.pool.PoolBase.newPoolEntry(PoolBase.java:210)
	at com.zaxxer.hikari.pool.HikariPool.createPoolEntry(HikariPool.java:488)
	at com.zaxxer.hikari.pool.HikariPool$PoolEntryCreator.call(HikariPool.java:752)
	at com.zaxxer.hikari.pool.HikariPool$PoolEntryCreator.call(HikariPool.java:731)
	at java.base/java.util.concurrent.FutureTask.run(FutureTask.java:317)
	at java.base/java.util.concurrent.ThreadPoolExecutor.runWorker(ThreadPoolExecutor.java:1144)
	at java.base/java.util.concurrent.ThreadPoolExecutor$Worker.run(ThreadPoolExecutor.java:642)
	at java.base/java.lang.Thread.run(Thread.java:1583)
Caused by: java.net.SocketTimeoutException: Read timed out
	at java.base/sun.nio.ch.NioSocketImpl.timedRead(NioSocketImpl.java:278)
	at java.base/sun.nio.ch.NioSocketImpl.implRead(NioSocketImpl.java:304)
	at java.base/sun.nio.ch.NioSocketImpl.read(NioSocketImpl.java:346)
	at java.base/sun.nio.ch.NioSocketImpl$1.read(NioSocketImpl.java:796)
	at java.base/java.net.Socket$SocketInputStream.read(Socket.java:1099)
	at org.postgresql.core.VisibleBufferedInputStream.readMore(VisibleBufferedInputStream.java:192)
	at org.postgresql.core.VisibleBufferedInputStream.ensureBytes(VisibleBufferedInputStream.java:159)
	at org.postgresql.core.VisibleBufferedInputStream.ensureBytes(VisibleBufferedInputStream.java:144)
	at org.postgresql.core.VisibleBufferedInputStream.read(VisibleBufferedInputStream.java:76)
	at org.postgresql.core.PGStream.receiveChar(PGStream.java:477)
	at org.postgresql.core.v3.ConnectionFactoryImpl.enableSSL(ConnectionFactoryImpl.java:627)
	at org.postgresql.core.v3.ConnectionFactoryImpl.tryConnect(ConnectionFactoryImpl.java:207)
	at org.postgresql.core.v3.ConnectionFactoryImpl.openConnectionImpl(ConnectionFactoryImpl.java:289)
	... 14 common frames omitted
2026-05-24 02:31:15 [HikariPool-1:housekeeper] WARN  com.zaxxer.hikari.pool.HikariPool - HikariPool-1 - Thread starvation or clock leap detected (housekeeper delta=14m37s832ms).
2026-05-24 02:31:45 [HikariPool-1:connection-adder] WARN  com.zaxxer.hikari.pool.PoolBase - HikariPool-1 - Pool is empty, failed to create/setup connection (1d5d5e02-34ef-43a0-bfef-47eaadf58baa)
org.postgresql.util.PSQLException: The connection attempt failed.
	at org.postgresql.core.v3.ConnectionFactoryImpl.openConnectionImpl(ConnectionFactoryImpl.java:385)
	at org.postgresql.core.ConnectionFactory.openConnection(ConnectionFactory.java:57)
	at org.postgresql.jdbc.PgConnection.<init>(PgConnection.java:290)
	at org.postgresql.Driver.makeConnection(Driver.java:448)
	at org.postgresql.Driver.connect(Driver.java:298)
	at com.zaxxer.hikari.util.DriverDataSource.getConnection(DriverDataSource.java:144)
	at com.zaxxer.hikari.pool.PoolBase.newConnection(PoolBase.java:373)
	at com.zaxxer.hikari.pool.PoolBase.newPoolEntry(PoolBase.java:210)
	at com.zaxxer.hikari.pool.HikariPool.createPoolEntry(HikariPool.java:488)
	at com.zaxxer.hikari.pool.HikariPool$PoolEntryCreator.call(HikariPool.java:752)
	at com.zaxxer.hikari.pool.HikariPool$PoolEntryCreator.call(HikariPool.java:731)
	at java.base/java.util.concurrent.FutureTask.run(FutureTask.java:317)
	at java.base/java.util.concurrent.ThreadPoolExecutor.runWorker(ThreadPoolExecutor.java:1144)
	at java.base/java.util.concurrent.ThreadPoolExecutor$Worker.run(ThreadPoolExecutor.java:642)
	at java.base/java.lang.Thread.run(Thread.java:1583)
Caused by: java.net.SocketTimeoutException: Read timed out
	at java.base/sun.nio.ch.NioSocketImpl.timedRead(NioSocketImpl.java:278)
	at java.base/sun.nio.ch.NioSocketImpl.implRead(NioSocketImpl.java:304)
	at java.base/sun.nio.ch.NioSocketImpl.read(NioSocketImpl.java:346)
	at java.base/sun.nio.ch.NioSocketImpl$1.read(NioSocketImpl.java:796)
	at java.base/java.net.Socket$SocketInputStream.read(Socket.java:1099)
	at org.postgresql.core.VisibleBufferedInputStream.readMore(VisibleBufferedInputStream.java:192)
	at org.postgresql.core.VisibleBufferedInputStream.ensureBytes(VisibleBufferedInputStream.java:159)
	at org.postgresql.core.VisibleBufferedInputStream.ensureBytes(VisibleBufferedInputStream.java:144)
	at org.postgresql.core.VisibleBufferedInputStream.read(VisibleBufferedInputStream.java:76)
	at org.postgresql.core.PGStream.receiveChar(PGStream.java:477)
	at org.postgresql.core.v3.ConnectionFactoryImpl.enableSSL(ConnectionFactoryImpl.java:627)
	at org.postgresql.core.v3.ConnectionFactoryImpl.tryConnect(ConnectionFactoryImpl.java:207)
	at org.postgresql.core.v3.ConnectionFactoryImpl.openConnectionImpl(ConnectionFactoryImpl.java:289)
	... 14 common frames omitted
2026-05-24 02:32:55 [HikariPool-1:connection-adder] WARN  com.zaxxer.hikari.pool.PoolBase - HikariPool-1 - Pool is empty, failed to create/setup connection (37828721-0c35-4b2c-803d-41a19974fad0)
org.postgresql.util.PSQLException: The connection attempt failed.
	at org.postgresql.core.v3.ConnectionFactoryImpl.openConnectionImpl(ConnectionFactoryImpl.java:385)
	at org.postgresql.core.ConnectionFactory.openConnection(ConnectionFactory.java:57)
	at org.postgresql.jdbc.PgConnection.<init>(PgConnection.java:290)
	at org.postgresql.Driver.makeConnection(Driver.java:448)
	at org.postgresql.Driver.connect(Driver.java:298)
	at com.zaxxer.hikari.util.DriverDataSource.getConnection(DriverDataSource.java:144)
	at com.zaxxer.hikari.pool.PoolBase.newConnection(PoolBase.java:373)
	at com.zaxxer.hikari.pool.PoolBase.newPoolEntry(PoolBase.java:210)
	at com.zaxxer.hikari.pool.HikariPool.createPoolEntry(HikariPool.java:488)
	at com.zaxxer.hikari.pool.HikariPool$PoolEntryCreator.call(HikariPool.java:752)
	at com.zaxxer.hikari.pool.HikariPool$PoolEntryCreator.call(HikariPool.java:731)
	at java.base/java.util.concurrent.FutureTask.run(FutureTask.java:317)
	at java.base/java.util.concurrent.ThreadPoolExecutor.runWorker(ThreadPoolExecutor.java:1144)
	at java.base/java.util.concurrent.ThreadPoolExecutor$Worker.run(ThreadPoolExecutor.java:642)
	at java.base/java.lang.Thread.run(Thread.java:1583)
Caused by: java.net.SocketTimeoutException: Read timed out
	at java.base/sun.nio.ch.NioSocketImpl.timedRead(NioSocketImpl.java:278)
	at java.base/sun.nio.ch.NioSocketImpl.implRead(NioSocketImpl.java:304)
	at java.base/sun.nio.ch.NioSocketImpl.read(NioSocketImpl.java:346)
	at java.base/sun.nio.ch.NioSocketImpl$1.read(NioSocketImpl.java:796)
	at java.base/java.net.Socket$SocketInputStream.read(Socket.java:1099)
	at org.postgresql.core.VisibleBufferedInputStream.readMore(VisibleBufferedInputStream.java:192)
	at org.postgresql.core.VisibleBufferedInputStream.ensureBytes(VisibleBufferedInputStream.java:159)
	at org.postgresql.core.VisibleBufferedInputStream.ensureBytes(VisibleBufferedInputStream.java:144)
	at org.postgresql.core.VisibleBufferedInputStream.read(VisibleBufferedInputStream.java:76)
	at org.postgresql.core.PGStream.receiveChar(PGStream.java:477)
	at org.postgresql.core.v3.ConnectionFactoryImpl.enableSSL(ConnectionFactoryImpl.java:627)
	at org.postgresql.core.v3.ConnectionFactoryImpl.tryConnect(ConnectionFactoryImpl.java:207)
	at org.postgresql.core.v3.ConnectionFactoryImpl.openConnectionImpl(ConnectionFactoryImpl.java:289)
	... 14 common frames omitted
2026-05-24 02:50:27 [HikariPool-1:housekeeper] WARN  com.zaxxer.hikari.pool.HikariPool - HikariPool-1 - Thread starvation or clock leap detected (housekeeper delta=19m12s467ms).
2026-05-24 02:52:07 [HikariPool-1:connection-adder] WARN  com.zaxxer.hikari.pool.PoolBase - HikariPool-1 - Pool is empty, failed to create/setup connection (4da742ff-69dc-4227-bffa-7eee2d5f1ba4)
org.postgresql.util.PSQLException: The connection attempt failed.
	at org.postgresql.core.v3.ConnectionFactoryImpl.openConnectionImpl(ConnectionFactoryImpl.java:385)
	at org.postgresql.core.ConnectionFactory.openConnection(ConnectionFactory.java:57)
	at org.postgresql.jdbc.PgConnection.<init>(PgConnection.java:290)
	at org.postgresql.Driver.makeConnection(Driver.java:448)
	at org.postgresql.Driver.connect(Driver.java:298)
	at com.zaxxer.hikari.util.DriverDataSource.getConnection(DriverDataSource.java:144)
	at com.zaxxer.hikari.pool.PoolBase.newConnection(PoolBase.java:373)
	at com.zaxxer.hikari.pool.PoolBase.newPoolEntry(PoolBase.java:210)
	at com.zaxxer.hikari.pool.HikariPool.createPoolEntry(HikariPool.java:488)
	at com.zaxxer.hikari.pool.HikariPool$PoolEntryCreator.call(HikariPool.java:752)
	at com.zaxxer.hikari.pool.HikariPool$PoolEntryCreator.call(HikariPool.java:731)
	at java.base/java.util.concurrent.FutureTask.run(FutureTask.java:317)
	at java.base/java.util.concurrent.ThreadPoolExecutor.runWorker(ThreadPoolExecutor.java:1144)
	at java.base/java.util.concurrent.ThreadPoolExecutor$Worker.run(ThreadPoolExecutor.java:642)
	at java.base/java.lang.Thread.run(Thread.java:1583)
Caused by: java.net.SocketTimeoutException: Read timed out
	at java.base/sun.nio.ch.NioSocketImpl.timedRead(NioSocketImpl.java:278)
	at java.base/sun.nio.ch.NioSocketImpl.implRead(NioSocketImpl.java:304)
	at java.base/sun.nio.ch.NioSocketImpl.read(NioSocketImpl.java:346)
	at java.base/sun.nio.ch.NioSocketImpl$1.read(NioSocketImpl.java:796)
	at java.base/java.net.Socket$SocketInputStream.read(Socket.java:1099)
	at org.postgresql.core.VisibleBufferedInputStream.readMore(VisibleBufferedInputStream.java:192)
	at org.postgresql.core.VisibleBufferedInputStream.ensureBytes(VisibleBufferedInputStream.java:159)
	at org.postgresql.core.VisibleBufferedInputStream.ensureBytes(VisibleBufferedInputStream.java:144)
	at org.postgresql.core.VisibleBufferedInputStream.read(VisibleBufferedInputStream.java:76)
	at org.postgresql.core.PGStream.receiveChar(PGStream.java:477)
	at org.postgresql.core.v3.ConnectionFactoryImpl.enableSSL(ConnectionFactoryImpl.java:627)
	at org.postgresql.core.v3.ConnectionFactoryImpl.tryConnect(ConnectionFactoryImpl.java:207)
	at org.postgresql.core.v3.ConnectionFactoryImpl.openConnectionImpl(ConnectionFactoryImpl.java:289)
	... 14 common frames omitted
2026-05-24 02:52:12 [HikariPool-1:housekeeper] WARN  com.zaxxer.hikari.pool.HikariPool - HikariPool-1 - Thread starvation or clock leap detected (housekeeper delta=1m44s609ms).
2026-05-24 02:53:17 [HikariPool-1:connection-adder] WARN  com.zaxxer.hikari.pool.PoolBase - HikariPool-1 - Pool is empty, failed to create/setup connection (7803bb54-dee6-46c6-bdc7-24f169418df7)
org.postgresql.util.PSQLException: The connection attempt failed.
	at org.postgresql.core.v3.ConnectionFactoryImpl.openConnectionImpl(ConnectionFactoryImpl.java:385)
	at org.postgresql.core.ConnectionFactory.openConnection(ConnectionFactory.java:57)
	at org.postgresql.jdbc.PgConnection.<init>(PgConnection.java:290)
	at org.postgresql.Driver.makeConnection(Driver.java:448)
	at org.postgresql.Driver.connect(Driver.java:298)
	at com.zaxxer.hikari.util.DriverDataSource.getConnection(DriverDataSource.java:144)
	at com.zaxxer.hikari.pool.PoolBase.newConnection(PoolBase.java:373)
	at com.zaxxer.hikari.pool.PoolBase.newPoolEntry(PoolBase.java:210)
	at com.zaxxer.hikari.pool.HikariPool.createPoolEntry(HikariPool.java:488)
	at com.zaxxer.hikari.pool.HikariPool$PoolEntryCreator.call(HikariPool.java:752)
	at com.zaxxer.hikari.pool.HikariPool$PoolEntryCreator.call(HikariPool.java:731)
	at java.base/java.util.concurrent.FutureTask.run(FutureTask.java:317)
	at java.base/java.util.concurrent.ThreadPoolExecutor.runWorker(ThreadPoolExecutor.java:1144)
	at java.base/java.util.concurrent.ThreadPoolExecutor$Worker.run(ThreadPoolExecutor.java:642)
	at java.base/java.lang.Thread.run(Thread.java:1583)
Caused by: java.net.SocketTimeoutException: Read timed out
	at java.base/sun.nio.ch.NioSocketImpl.timedRead(NioSocketImpl.java:278)
	at java.base/sun.nio.ch.NioSocketImpl.implRead(NioSocketImpl.java:304)
	at java.base/sun.nio.ch.NioSocketImpl.read(NioSocketImpl.java:346)
	at java.base/sun.nio.ch.NioSocketImpl$1.read(NioSocketImpl.java:796)
	at java.base/java.net.Socket$SocketInputStream.read(Socket.java:1099)
	at org.postgresql.core.VisibleBufferedInputStream.readMore(VisibleBufferedInputStream.java:192)
	at org.postgresql.core.VisibleBufferedInputStream.ensureBytes(VisibleBufferedInputStream.java:159)
	at org.postgresql.core.VisibleBufferedInputStream.ensureBytes(VisibleBufferedInputStream.java:144)
	at org.postgresql.core.VisibleBufferedInputStream.read(VisibleBufferedInputStream.java:76)
	at org.postgresql.core.PGStream.receiveChar(PGStream.java:477)
	at org.postgresql.core.v3.ConnectionFactoryImpl.enableSSL(ConnectionFactoryImpl.java:627)
	at org.postgresql.core.v3.ConnectionFactoryImpl.tryConnect(ConnectionFactoryImpl.java:207)
	at org.postgresql.core.v3.ConnectionFactoryImpl.openConnectionImpl(ConnectionFactoryImpl.java:289)
	... 14 common frames omitted
2026-05-24 03:11:27 [HikariPool-1:housekeeper] WARN  com.zaxxer.hikari.pool.HikariPool - HikariPool-1 - Thread starvation or clock leap detected (housekeeper delta=19m14s898ms).
2026-05-24 03:11:32 [HikariPool-1:connection-adder] WARN  com.zaxxer.hikari.pool.PoolBase - HikariPool-1 - Pool is empty, failed to create/setup connection (f18f4b6f-657c-4cd3-831e-91b1197abb3c)
org.postgresql.util.PSQLException: The connection attempt failed.
	at org.postgresql.core.v3.ConnectionFactoryImpl.openConnectionImpl(ConnectionFactoryImpl.java:385)
	at org.postgresql.core.ConnectionFactory.openConnection(ConnectionFactory.java:57)
	at org.postgresql.jdbc.PgConnection.<init>(PgConnection.java:290)
	at org.postgresql.Driver.makeConnection(Driver.java:448)
	at org.postgresql.Driver.connect(Driver.java:298)
	at com.zaxxer.hikari.util.DriverDataSource.getConnection(DriverDataSource.java:144)
	at com.zaxxer.hikari.pool.PoolBase.newConnection(PoolBase.java:373)
	at com.zaxxer.hikari.pool.PoolBase.newPoolEntry(PoolBase.java:210)
	at com.zaxxer.hikari.pool.HikariPool.createPoolEntry(HikariPool.java:488)
	at com.zaxxer.hikari.pool.HikariPool$PoolEntryCreator.call(HikariPool.java:752)
	at com.zaxxer.hikari.pool.HikariPool$PoolEntryCreator.call(HikariPool.java:731)
	at java.base/java.util.concurrent.FutureTask.run(FutureTask.java:317)
	at java.base/java.util.concurrent.ThreadPoolExecutor.runWorker(ThreadPoolExecutor.java:1144)
	at java.base/java.util.concurrent.ThreadPoolExecutor$Worker.run(ThreadPoolExecutor.java:642)
	at java.base/java.lang.Thread.run(Thread.java:1583)
Caused by: java.net.SocketTimeoutException: Read timed out
	at java.base/sun.nio.ch.NioSocketImpl.timedRead(NioSocketImpl.java:278)
	at java.base/sun.nio.ch.NioSocketImpl.implRead(NioSocketImpl.java:304)
	at java.base/sun.nio.ch.NioSocketImpl.read(NioSocketImpl.java:346)
	at java.base/sun.nio.ch.NioSocketImpl$1.read(NioSocketImpl.java:796)
	at java.base/java.net.Socket$SocketInputStream.read(Socket.java:1099)
	at org.postgresql.core.VisibleBufferedInputStream.readMore(VisibleBufferedInputStream.java:192)
	at org.postgresql.core.VisibleBufferedInputStream.ensureBytes(VisibleBufferedInputStream.java:159)
	at org.postgresql.core.VisibleBufferedInputStream.ensureBytes(VisibleBufferedInputStream.java:144)
	at org.postgresql.core.VisibleBufferedInputStream.read(VisibleBufferedInputStream.java:76)
	at org.postgresql.core.PGStream.receiveChar(PGStream.java:477)
	at org.postgresql.core.v3.ConnectionFactoryImpl.enableSSL(ConnectionFactoryImpl.java:627)
	at org.postgresql.core.v3.ConnectionFactoryImpl.tryConnect(ConnectionFactoryImpl.java:207)
	at org.postgresql.core.v3.ConnectionFactoryImpl.openConnectionImpl(ConnectionFactoryImpl.java:289)
	... 14 common frames omitted
2026-05-24 03:13:07 [HikariPool-1:connection-adder] WARN  com.zaxxer.hikari.pool.PoolBase - HikariPool-1 - Pool is empty, failed to create/setup connection (0c29936b-1988-4f24-ac23-797f25c11404)
org.postgresql.util.PSQLException: The connection attempt failed.
	at org.postgresql.core.v3.ConnectionFactoryImpl.openConnectionImpl(ConnectionFactoryImpl.java:385)
	at org.postgresql.core.ConnectionFactory.openConnection(ConnectionFactory.java:57)
	at org.postgresql.jdbc.PgConnection.<init>(PgConnection.java:290)
	at org.postgresql.Driver.makeConnection(Driver.java:448)
	at org.postgresql.Driver.connect(Driver.java:298)
	at com.zaxxer.hikari.util.DriverDataSource.getConnection(DriverDataSource.java:144)
	at com.zaxxer.hikari.pool.PoolBase.newConnection(PoolBase.java:373)
	at com.zaxxer.hikari.pool.PoolBase.newPoolEntry(PoolBase.java:210)
	at com.zaxxer.hikari.pool.HikariPool.createPoolEntry(HikariPool.java:488)
	at com.zaxxer.hikari.pool.HikariPool$PoolEntryCreator.call(HikariPool.java:752)
	at com.zaxxer.hikari.pool.HikariPool$PoolEntryCreator.call(HikariPool.java:731)
	at java.base/java.util.concurrent.FutureTask.run(FutureTask.java:317)
	at java.base/java.util.concurrent.ThreadPoolExecutor.runWorker(ThreadPoolExecutor.java:1144)
	at java.base/java.util.concurrent.ThreadPoolExecutor$Worker.run(ThreadPoolExecutor.java:642)
	at java.base/java.lang.Thread.run(Thread.java:1583)
Caused by: java.net.SocketTimeoutException: Read timed out
	at java.base/sun.nio.ch.NioSocketImpl.timedRead(NioSocketImpl.java:278)
	at java.base/sun.nio.ch.NioSocketImpl.implRead(NioSocketImpl.java:304)
	at java.base/sun.nio.ch.NioSocketImpl.read(NioSocketImpl.java:346)
	at java.base/sun.nio.ch.NioSocketImpl$1.read(NioSocketImpl.java:796)
	at java.base/java.net.Socket$SocketInputStream.read(Socket.java:1099)
	at org.postgresql.core.VisibleBufferedInputStream.readMore(VisibleBufferedInputStream.java:192)
	at org.postgresql.core.VisibleBufferedInputStream.ensureBytes(VisibleBufferedInputStream.java:159)
	at org.postgresql.core.VisibleBufferedInputStream.ensureBytes(VisibleBufferedInputStream.java:144)
	at org.postgresql.core.VisibleBufferedInputStream.read(VisibleBufferedInputStream.java:76)
	at org.postgresql.core.PGStream.receiveChar(PGStream.java:477)
	at org.postgresql.core.v3.ConnectionFactoryImpl.enableSSL(ConnectionFactoryImpl.java:627)
	at org.postgresql.core.v3.ConnectionFactoryImpl.tryConnect(ConnectionFactoryImpl.java:207)
	at org.postgresql.core.v3.ConnectionFactoryImpl.openConnectionImpl(ConnectionFactoryImpl.java:289)
	... 14 common frames omitted
2026-05-24 03:30:20 [HikariPool-1:housekeeper] WARN  com.zaxxer.hikari.pool.HikariPool - HikariPool-1 - Thread starvation or clock leap detected (housekeeper delta=18m53s646ms).
2026-05-24 03:31:26 [HikariPool-1:connection-adder] WARN  com.zaxxer.hikari.pool.PoolBase - HikariPool-1 - Pool is empty, failed to create/setup connection (45ac6453-b430-4e50-96b3-9e619e841b6d)
org.postgresql.util.PSQLException: The connection attempt failed.
	at org.postgresql.core.v3.ConnectionFactoryImpl.openConnectionImpl(ConnectionFactoryImpl.java:385)
	at org.postgresql.core.ConnectionFactory.openConnection(ConnectionFactory.java:57)
	at org.postgresql.jdbc.PgConnection.<init>(PgConnection.java:290)
	at org.postgresql.Driver.makeConnection(Driver.java:448)
	at org.postgresql.Driver.connect(Driver.java:298)
	at com.zaxxer.hikari.util.DriverDataSource.getConnection(DriverDataSource.java:144)
	at com.zaxxer.hikari.pool.PoolBase.newConnection(PoolBase.java:373)
	at com.zaxxer.hikari.pool.PoolBase.newPoolEntry(PoolBase.java:210)
	at com.zaxxer.hikari.pool.HikariPool.createPoolEntry(HikariPool.java:488)
	at com.zaxxer.hikari.pool.HikariPool$PoolEntryCreator.call(HikariPool.java:752)
	at com.zaxxer.hikari.pool.HikariPool$PoolEntryCreator.call(HikariPool.java:731)
	at java.base/java.util.concurrent.FutureTask.run(FutureTask.java:317)
	at java.base/java.util.concurrent.ThreadPoolExecutor.runWorker(ThreadPoolExecutor.java:1144)
	at java.base/java.util.concurrent.ThreadPoolExecutor$Worker.run(ThreadPoolExecutor.java:642)
	at java.base/java.lang.Thread.run(Thread.java:1583)
Caused by: java.net.SocketTimeoutException: Read timed out
	at java.base/sun.nio.ch.NioSocketImpl.timedRead(NioSocketImpl.java:278)
	at java.base/sun.nio.ch.NioSocketImpl.implRead(NioSocketImpl.java:304)
	at java.base/sun.nio.ch.NioSocketImpl.read(NioSocketImpl.java:346)
	at java.base/sun.nio.ch.NioSocketImpl$1.read(NioSocketImpl.java:796)
	at java.base/java.net.Socket$SocketInputStream.read(Socket.java:1099)
	at org.postgresql.core.VisibleBufferedInputStream.readMore(VisibleBufferedInputStream.java:192)
	at org.postgresql.core.VisibleBufferedInputStream.ensureBytes(VisibleBufferedInputStream.java:159)
	at org.postgresql.core.VisibleBufferedInputStream.ensureBytes(VisibleBufferedInputStream.java:144)
	at org.postgresql.core.VisibleBufferedInputStream.read(VisibleBufferedInputStream.java:76)
	at org.postgresql.core.PGStream.receiveChar(PGStream.java:477)
	at org.postgresql.core.v3.ConnectionFactoryImpl.enableSSL(ConnectionFactoryImpl.java:627)
	at org.postgresql.core.v3.ConnectionFactoryImpl.tryConnect(ConnectionFactoryImpl.java:207)
	at org.postgresql.core.v3.ConnectionFactoryImpl.openConnectionImpl(ConnectionFactoryImpl.java:289)
	... 14 common frames omitted
2026-05-24 03:32:30 [HikariPool-1:housekeeper] WARN  com.zaxxer.hikari.pool.HikariPool - HikariPool-1 - Thread starvation or clock leap detected (housekeeper delta=2m9s449ms).
2026-05-24 03:33:00 [HikariPool-1:connection-adder] WARN  com.zaxxer.hikari.pool.PoolBase - HikariPool-1 - Pool is empty, failed to create/setup connection (4fc4fe2c-3c78-4466-aa36-8f19101fe1d7)
org.postgresql.util.PSQLException: The connection attempt failed.
	at org.postgresql.core.v3.ConnectionFactoryImpl.openConnectionImpl(ConnectionFactoryImpl.java:385)
	at org.postgresql.core.ConnectionFactory.openConnection(ConnectionFactory.java:57)
	at org.postgresql.jdbc.PgConnection.<init>(PgConnection.java:290)
	at org.postgresql.Driver.makeConnection(Driver.java:448)
	at org.postgresql.Driver.connect(Driver.java:298)
	at com.zaxxer.hikari.util.DriverDataSource.getConnection(DriverDataSource.java:144)
	at com.zaxxer.hikari.pool.PoolBase.newConnection(PoolBase.java:373)
	at com.zaxxer.hikari.pool.PoolBase.newPoolEntry(PoolBase.java:210)
	at com.zaxxer.hikari.pool.HikariPool.createPoolEntry(HikariPool.java:488)
	at com.zaxxer.hikari.pool.HikariPool$PoolEntryCreator.call(HikariPool.java:752)
	at com.zaxxer.hikari.pool.HikariPool$PoolEntryCreator.call(HikariPool.java:731)
	at java.base/java.util.concurrent.FutureTask.run(FutureTask.java:317)
	at java.base/java.util.concurrent.ThreadPoolExecutor.runWorker(ThreadPoolExecutor.java:1144)
	at java.base/java.util.concurrent.ThreadPoolExecutor$Worker.run(ThreadPoolExecutor.java:642)
	at java.base/java.lang.Thread.run(Thread.java:1583)
Caused by: java.net.SocketTimeoutException: Read timed out
	at java.base/sun.nio.ch.NioSocketImpl.timedRead(NioSocketImpl.java:278)
	at java.base/sun.nio.ch.NioSocketImpl.implRead(NioSocketImpl.java:304)
	at java.base/sun.nio.ch.NioSocketImpl.read(NioSocketImpl.java:346)
	at java.base/sun.nio.ch.NioSocketImpl$1.read(NioSocketImpl.java:796)
	at java.base/java.net.Socket$SocketInputStream.read(Socket.java:1099)
	at org.postgresql.core.VisibleBufferedInputStream.readMore(VisibleBufferedInputStream.java:192)
	at org.postgresql.core.VisibleBufferedInputStream.ensureBytes(VisibleBufferedInputStream.java:159)
	at org.postgresql.core.VisibleBufferedInputStream.ensureBytes(VisibleBufferedInputStream.java:144)
	at org.postgresql.core.VisibleBufferedInputStream.read(VisibleBufferedInputStream.java:76)
	at org.postgresql.core.PGStream.receiveChar(PGStream.java:477)
	at org.postgresql.core.v3.ConnectionFactoryImpl.enableSSL(ConnectionFactoryImpl.java:627)
	at org.postgresql.core.v3.ConnectionFactoryImpl.tryConnect(ConnectionFactoryImpl.java:207)
	at org.postgresql.core.v3.ConnectionFactoryImpl.openConnectionImpl(ConnectionFactoryImpl.java:289)
	... 14 common frames omitted
2026-05-24 03:50:23 [HikariPool-1:connection-adder] WARN  com.zaxxer.hikari.pool.PoolBase - HikariPool-1 - Pool is empty, failed to create/setup connection (9fbbac03-d17f-470a-8204-4230015212b6)
org.postgresql.util.PSQLException: The connection attempt failed.
	at org.postgresql.core.v3.ConnectionFactoryImpl.openConnectionImpl(ConnectionFactoryImpl.java:385)
	at org.postgresql.core.ConnectionFactory.openConnection(ConnectionFactory.java:57)
	at org.postgresql.jdbc.PgConnection.<init>(PgConnection.java:290)
	at org.postgresql.Driver.makeConnection(Driver.java:448)
	at org.postgresql.Driver.connect(Driver.java:298)
	at com.zaxxer.hikari.util.DriverDataSource.getConnection(DriverDataSource.java:144)
	at com.zaxxer.hikari.pool.PoolBase.newConnection(PoolBase.java:373)
	at com.zaxxer.hikari.pool.PoolBase.newPoolEntry(PoolBase.java:210)
	at com.zaxxer.hikari.pool.HikariPool.createPoolEntry(HikariPool.java:488)
	at com.zaxxer.hikari.pool.HikariPool$PoolEntryCreator.call(HikariPool.java:752)
	at com.zaxxer.hikari.pool.HikariPool$PoolEntryCreator.call(HikariPool.java:731)
	at java.base/java.util.concurrent.FutureTask.run(FutureTask.java:317)
	at java.base/java.util.concurrent.ThreadPoolExecutor.runWorker(ThreadPoolExecutor.java:1144)
	at java.base/java.util.concurrent.ThreadPoolExecutor$Worker.run(ThreadPoolExecutor.java:642)
	at java.base/java.lang.Thread.run(Thread.java:1583)
Caused by: java.net.SocketTimeoutException: Read timed out
	at java.base/sun.nio.ch.NioSocketImpl.timedRead(NioSocketImpl.java:278)
	at java.base/sun.nio.ch.NioSocketImpl.implRead(NioSocketImpl.java:304)
	at java.base/sun.nio.ch.NioSocketImpl.read(NioSocketImpl.java:346)
	at java.base/sun.nio.ch.NioSocketImpl$1.read(NioSocketImpl.java:796)
	at java.base/java.net.Socket$SocketInputStream.read(Socket.java:1099)
	at org.postgresql.core.VisibleBufferedInputStream.readMore(VisibleBufferedInputStream.java:192)
	at org.postgresql.core.VisibleBufferedInputStream.ensureBytes(VisibleBufferedInputStream.java:159)
	at org.postgresql.core.VisibleBufferedInputStream.ensureBytes(VisibleBufferedInputStream.java:144)
	at org.postgresql.core.VisibleBufferedInputStream.read(VisibleBufferedInputStream.java:76)
	at org.postgresql.core.PGStream.receiveChar(PGStream.java:477)
	at org.postgresql.core.v3.ConnectionFactoryImpl.enableSSL(ConnectionFactoryImpl.java:627)
	at org.postgresql.core.v3.ConnectionFactoryImpl.tryConnect(ConnectionFactoryImpl.java:207)
	at org.postgresql.core.v3.ConnectionFactoryImpl.openConnectionImpl(ConnectionFactoryImpl.java:289)
	... 14 common frames omitted
2026-05-24 03:51:26 [HikariPool-1:housekeeper] WARN  com.zaxxer.hikari.pool.HikariPool - HikariPool-1 - Thread starvation or clock leap detected (housekeeper delta=18m56s685ms).
2026-05-24 03:52:32 [HikariPool-1:connection-adder] WARN  com.zaxxer.hikari.pool.PoolBase - HikariPool-1 - Pool is empty, failed to create/setup connection (6cc61729-df25-40dd-b79f-522f44ffccbd)
org.postgresql.util.PSQLException: The connection attempt failed.
	at org.postgresql.core.v3.ConnectionFactoryImpl.openConnectionImpl(ConnectionFactoryImpl.java:385)
	at org.postgresql.core.ConnectionFactory.openConnection(ConnectionFactory.java:57)
	at org.postgresql.jdbc.PgConnection.<init>(PgConnection.java:290)
	at org.postgresql.Driver.makeConnection(Driver.java:448)
	at org.postgresql.Driver.connect(Driver.java:298)
	at com.zaxxer.hikari.util.DriverDataSource.getConnection(DriverDataSource.java:144)
	at com.zaxxer.hikari.pool.PoolBase.newConnection(PoolBase.java:373)
	at com.zaxxer.hikari.pool.PoolBase.newPoolEntry(PoolBase.java:210)
	at com.zaxxer.hikari.pool.HikariPool.createPoolEntry(HikariPool.java:488)
	at com.zaxxer.hikari.pool.HikariPool$PoolEntryCreator.call(HikariPool.java:752)
	at com.zaxxer.hikari.pool.HikariPool$PoolEntryCreator.call(HikariPool.java:731)
	at java.base/java.util.concurrent.FutureTask.run(FutureTask.java:317)
	at java.base/java.util.concurrent.ThreadPoolExecutor.runWorker(ThreadPoolExecutor.java:1144)
	at java.base/java.util.concurrent.ThreadPoolExecutor$Worker.run(ThreadPoolExecutor.java:642)
	at java.base/java.lang.Thread.run(Thread.java:1583)
Caused by: java.net.SocketTimeoutException: Read timed out
	at java.base/sun.nio.ch.NioSocketImpl.timedRead(NioSocketImpl.java:278)
	at java.base/sun.nio.ch.NioSocketImpl.implRead(NioSocketImpl.java:304)
	at java.base/sun.nio.ch.NioSocketImpl.read(NioSocketImpl.java:346)
	at java.base/sun.nio.ch.NioSocketImpl$1.read(NioSocketImpl.java:796)
	at java.base/java.net.Socket$SocketInputStream.read(Socket.java:1099)
	at org.postgresql.core.VisibleBufferedInputStream.readMore(VisibleBufferedInputStream.java:192)
	at org.postgresql.core.VisibleBufferedInputStream.ensureBytes(VisibleBufferedInputStream.java:159)
	at org.postgresql.core.VisibleBufferedInputStream.ensureBytes(VisibleBufferedInputStream.java:144)
	at org.postgresql.core.VisibleBufferedInputStream.read(VisibleBufferedInputStream.java:76)
	at org.postgresql.core.PGStream.receiveChar(PGStream.java:477)
	at org.postgresql.core.v3.ConnectionFactoryImpl.enableSSL(ConnectionFactoryImpl.java:627)
	at org.postgresql.core.v3.ConnectionFactoryImpl.tryConnect(ConnectionFactoryImpl.java:207)
	at org.postgresql.core.v3.ConnectionFactoryImpl.openConnectionImpl(ConnectionFactoryImpl.java:289)
	... 14 common frames omitted
2026-05-24 04:08:48 [HikariPool-1:housekeeper] WARN  com.zaxxer.hikari.pool.HikariPool - HikariPool-1 - Thread starvation or clock leap detected (housekeeper delta=17m21s989ms).
2026-05-24 04:09:19 [HikariPool-1:connection-adder] WARN  com.zaxxer.hikari.pool.PoolBase - HikariPool-1 - Pool is empty, failed to create/setup connection (b602a4b0-2d3c-4583-8f4d-a65cb7c23d10)
org.postgresql.util.PSQLException: The connection attempt failed.
	at org.postgresql.core.v3.ConnectionFactoryImpl.openConnectionImpl(ConnectionFactoryImpl.java:385)
	at org.postgresql.core.ConnectionFactory.openConnection(ConnectionFactory.java:57)
	at org.postgresql.jdbc.PgConnection.<init>(PgConnection.java:290)
	at org.postgresql.Driver.makeConnection(Driver.java:448)
	at org.postgresql.Driver.connect(Driver.java:298)
	at com.zaxxer.hikari.util.DriverDataSource.getConnection(DriverDataSource.java:144)
	at com.zaxxer.hikari.pool.PoolBase.newConnection(PoolBase.java:373)
	at com.zaxxer.hikari.pool.PoolBase.newPoolEntry(PoolBase.java:210)
	at com.zaxxer.hikari.pool.HikariPool.createPoolEntry(HikariPool.java:488)
	at com.zaxxer.hikari.pool.HikariPool$PoolEntryCreator.call(HikariPool.java:752)
	at com.zaxxer.hikari.pool.HikariPool$PoolEntryCreator.call(HikariPool.java:731)
	at java.base/java.util.concurrent.FutureTask.run(FutureTask.java:317)
	at java.base/java.util.concurrent.ThreadPoolExecutor.runWorker(ThreadPoolExecutor.java:1144)
	at java.base/java.util.concurrent.ThreadPoolExecutor$Worker.run(ThreadPoolExecutor.java:642)
	at java.base/java.lang.Thread.run(Thread.java:1583)
Caused by: java.net.SocketTimeoutException: Read timed out
	at java.base/sun.nio.ch.NioSocketImpl.timedRead(NioSocketImpl.java:278)
	at java.base/sun.nio.ch.NioSocketImpl.implRead(NioSocketImpl.java:304)
	at java.base/sun.nio.ch.NioSocketImpl.read(NioSocketImpl.java:346)
	at java.base/sun.nio.ch.NioSocketImpl$1.read(NioSocketImpl.java:796)
	at java.base/java.net.Socket$SocketInputStream.read(Socket.java:1099)
	at org.postgresql.core.VisibleBufferedInputStream.readMore(VisibleBufferedInputStream.java:192)
	at org.postgresql.core.VisibleBufferedInputStream.ensureBytes(VisibleBufferedInputStream.java:159)
	at org.postgresql.core.VisibleBufferedInputStream.ensureBytes(VisibleBufferedInputStream.java:144)
	at org.postgresql.core.VisibleBufferedInputStream.read(VisibleBufferedInputStream.java:76)
	at org.postgresql.core.PGStream.receiveChar(PGStream.java:477)
	at org.postgresql.core.v3.ConnectionFactoryImpl.enableSSL(ConnectionFactoryImpl.java:627)
	at org.postgresql.core.v3.ConnectionFactoryImpl.tryConnect(ConnectionFactoryImpl.java:207)
	at org.postgresql.core.v3.ConnectionFactoryImpl.openConnectionImpl(ConnectionFactoryImpl.java:289)
	... 14 common frames omitted
2026-05-24 04:10:29 [HikariPool-1:connection-adder] WARN  com.zaxxer.hikari.pool.PoolBase - HikariPool-1 - Pool is empty, failed to create/setup connection (5fd854e8-5118-424d-8f35-fb0bff83125f)
org.postgresql.util.PSQLException: The connection attempt failed.
	at org.postgresql.core.v3.ConnectionFactoryImpl.openConnectionImpl(ConnectionFactoryImpl.java:385)
	at org.postgresql.core.ConnectionFactory.openConnection(ConnectionFactory.java:57)
	at org.postgresql.jdbc.PgConnection.<init>(PgConnection.java:290)
	at org.postgresql.Driver.makeConnection(Driver.java:448)
	at org.postgresql.Driver.connect(Driver.java:298)
	at com.zaxxer.hikari.util.DriverDataSource.getConnection(DriverDataSource.java:144)
	at com.zaxxer.hikari.pool.PoolBase.newConnection(PoolBase.java:373)
	at com.zaxxer.hikari.pool.PoolBase.newPoolEntry(PoolBase.java:210)
	at com.zaxxer.hikari.pool.HikariPool.createPoolEntry(HikariPool.java:488)
	at com.zaxxer.hikari.pool.HikariPool$PoolEntryCreator.call(HikariPool.java:752)
	at com.zaxxer.hikari.pool.HikariPool$PoolEntryCreator.call(HikariPool.java:731)
	at java.base/java.util.concurrent.FutureTask.run(FutureTask.java:317)
	at java.base/java.util.concurrent.ThreadPoolExecutor.runWorker(ThreadPoolExecutor.java:1144)
	at java.base/java.util.concurrent.ThreadPoolExecutor$Worker.run(ThreadPoolExecutor.java:642)
	at java.base/java.lang.Thread.run(Thread.java:1583)
Caused by: java.net.SocketTimeoutException: Read timed out
	at java.base/sun.nio.ch.NioSocketImpl.timedRead(NioSocketImpl.java:278)
	at java.base/sun.nio.ch.NioSocketImpl.implRead(NioSocketImpl.java:304)
	at java.base/sun.nio.ch.NioSocketImpl.read(NioSocketImpl.java:346)
	at java.base/sun.nio.ch.NioSocketImpl$1.read(NioSocketImpl.java:796)
	at java.base/java.net.Socket$SocketInputStream.read(Socket.java:1099)
	at org.postgresql.core.VisibleBufferedInputStream.readMore(VisibleBufferedInputStream.java:192)
	at org.postgresql.core.VisibleBufferedInputStream.ensureBytes(VisibleBufferedInputStream.java:159)
	at org.postgresql.core.VisibleBufferedInputStream.ensureBytes(VisibleBufferedInputStream.java:144)
	at org.postgresql.core.VisibleBufferedInputStream.read(VisibleBufferedInputStream.java:76)
	at org.postgresql.core.PGStream.receiveChar(PGStream.java:477)
	at org.postgresql.core.v3.ConnectionFactoryImpl.enableSSL(ConnectionFactoryImpl.java:627)
	at org.postgresql.core.v3.ConnectionFactoryImpl.tryConnect(ConnectionFactoryImpl.java:207)
	at org.postgresql.core.v3.ConnectionFactoryImpl.openConnectionImpl(ConnectionFactoryImpl.java:289)
	... 14 common frames omitted
2026-05-24 04:10:58 [HikariPool-1:housekeeper] WARN  com.zaxxer.hikari.pool.HikariPool - HikariPool-1 - Thread starvation or clock leap detected (housekeeper delta=2m9s512ms).
2026-05-24 04:19:00 [HikariPool-1:connection-adder] WARN  com.zaxxer.hikari.pool.PoolBase - HikariPool-1 - Pool is empty, failed to create/setup connection (1725f6b3-9d40-4a74-8708-263237154ed9)
org.postgresql.util.PSQLException: The connection attempt failed.
	at org.postgresql.core.v3.ConnectionFactoryImpl.openConnectionImpl(ConnectionFactoryImpl.java:385)
	at org.postgresql.core.ConnectionFactory.openConnection(ConnectionFactory.java:57)
	at org.postgresql.jdbc.PgConnection.<init>(PgConnection.java:290)
	at org.postgresql.Driver.makeConnection(Driver.java:448)
	at org.postgresql.Driver.connect(Driver.java:298)
	at com.zaxxer.hikari.util.DriverDataSource.getConnection(DriverDataSource.java:144)
	at com.zaxxer.hikari.pool.PoolBase.newConnection(PoolBase.java:373)
	at com.zaxxer.hikari.pool.PoolBase.newPoolEntry(PoolBase.java:210)
	at com.zaxxer.hikari.pool.HikariPool.createPoolEntry(HikariPool.java:488)
	at com.zaxxer.hikari.pool.HikariPool$PoolEntryCreator.call(HikariPool.java:752)
	at com.zaxxer.hikari.pool.HikariPool$PoolEntryCreator.call(HikariPool.java:731)
	at java.base/java.util.concurrent.FutureTask.run(FutureTask.java:317)
	at java.base/java.util.concurrent.ThreadPoolExecutor.runWorker(ThreadPoolExecutor.java:1144)
	at java.base/java.util.concurrent.ThreadPoolExecutor$Worker.run(ThreadPoolExecutor.java:642)
	at java.base/java.lang.Thread.run(Thread.java:1583)
Caused by: java.net.SocketTimeoutException: Read timed out
	at java.base/sun.nio.ch.NioSocketImpl.timedRead(NioSocketImpl.java:278)
	at java.base/sun.nio.ch.NioSocketImpl.implRead(NioSocketImpl.java:304)
	at java.base/sun.nio.ch.NioSocketImpl.read(NioSocketImpl.java:346)
	at java.base/sun.nio.ch.NioSocketImpl$1.read(NioSocketImpl.java:796)
	at java.base/java.net.Socket$SocketInputStream.read(Socket.java:1099)
	at org.postgresql.core.VisibleBufferedInputStream.readMore(VisibleBufferedInputStream.java:192)
	at org.postgresql.core.VisibleBufferedInputStream.ensureBytes(VisibleBufferedInputStream.java:159)
	at org.postgresql.core.VisibleBufferedInputStream.ensureBytes(VisibleBufferedInputStream.java:144)
	at org.postgresql.core.VisibleBufferedInputStream.read(VisibleBufferedInputStream.java:76)
	at org.postgresql.core.PGStream.receiveChar(PGStream.java:477)
	at org.postgresql.core.v3.ConnectionFactoryImpl.enableSSL(ConnectionFactoryImpl.java:627)
	at org.postgresql.core.v3.ConnectionFactoryImpl.tryConnect(ConnectionFactoryImpl.java:207)
	at org.postgresql.core.v3.ConnectionFactoryImpl.openConnectionImpl(ConnectionFactoryImpl.java:289)
	... 14 common frames omitted
2026-05-24 04:31:55 [HikariPool-1:housekeeper] WARN  com.zaxxer.hikari.pool.HikariPool - HikariPool-1 - Thread starvation or clock leap detected (housekeeper delta=20m57s458ms).
2026-05-24 04:32:26 [HikariPool-1:connection-adder] WARN  com.zaxxer.hikari.pool.PoolBase - HikariPool-1 - Pool is empty, failed to create/setup connection (a19424cf-f86c-4e04-9e2d-e93467b76473)
org.postgresql.util.PSQLException: The connection attempt failed.
	at org.postgresql.core.v3.ConnectionFactoryImpl.openConnectionImpl(ConnectionFactoryImpl.java:385)
	at org.postgresql.core.ConnectionFactory.openConnection(ConnectionFactory.java:57)
	at org.postgresql.jdbc.PgConnection.<init>(PgConnection.java:290)
	at org.postgresql.Driver.makeConnection(Driver.java:448)
	at org.postgresql.Driver.connect(Driver.java:298)
	at com.zaxxer.hikari.util.DriverDataSource.getConnection(DriverDataSource.java:144)
	at com.zaxxer.hikari.pool.PoolBase.newConnection(PoolBase.java:373)
	at com.zaxxer.hikari.pool.PoolBase.newPoolEntry(PoolBase.java:210)
	at com.zaxxer.hikari.pool.HikariPool.createPoolEntry(HikariPool.java:488)
	at com.zaxxer.hikari.pool.HikariPool$PoolEntryCreator.call(HikariPool.java:752)
	at com.zaxxer.hikari.pool.HikariPool$PoolEntryCreator.call(HikariPool.java:731)
	at java.base/java.util.concurrent.FutureTask.run(FutureTask.java:317)
	at java.base/java.util.concurrent.ThreadPoolExecutor.runWorker(ThreadPoolExecutor.java:1144)
	at java.base/java.util.concurrent.ThreadPoolExecutor$Worker.run(ThreadPoolExecutor.java:642)
	at java.base/java.lang.Thread.run(Thread.java:1583)
Caused by: java.net.SocketTimeoutException: Read timed out
	at java.base/sun.nio.ch.NioSocketImpl.timedRead(NioSocketImpl.java:278)
	at java.base/sun.nio.ch.NioSocketImpl.implRead(NioSocketImpl.java:304)
	at java.base/sun.nio.ch.NioSocketImpl.read(NioSocketImpl.java:346)
	at java.base/sun.nio.ch.NioSocketImpl$1.read(NioSocketImpl.java:796)
	at java.base/java.net.Socket$SocketInputStream.read(Socket.java:1099)
	at org.postgresql.core.VisibleBufferedInputStream.readMore(VisibleBufferedInputStream.java:192)
	at org.postgresql.core.VisibleBufferedInputStream.ensureBytes(VisibleBufferedInputStream.java:159)
	at org.postgresql.core.VisibleBufferedInputStream.ensureBytes(VisibleBufferedInputStream.java:144)
	at org.postgresql.core.VisibleBufferedInputStream.read(VisibleBufferedInputStream.java:76)
	at org.postgresql.core.PGStream.receiveChar(PGStream.java:477)
	at org.postgresql.core.v3.ConnectionFactoryImpl.enableSSL(ConnectionFactoryImpl.java:627)
	at org.postgresql.core.v3.ConnectionFactoryImpl.tryConnect(ConnectionFactoryImpl.java:207)
	at org.postgresql.core.v3.ConnectionFactoryImpl.openConnectionImpl(ConnectionFactoryImpl.java:289)
	... 14 common frames omitted
2026-05-24 04:33:36 [HikariPool-1:connection-adder] WARN  com.zaxxer.hikari.pool.PoolBase - HikariPool-1 - Pool is empty, failed to create/setup connection (0d418da2-c02b-48f7-b59e-fab11a4b80ea)
org.postgresql.util.PSQLException: The connection attempt failed.
	at org.postgresql.core.v3.ConnectionFactoryImpl.openConnectionImpl(ConnectionFactoryImpl.java:385)
	at org.postgresql.core.ConnectionFactory.openConnection(ConnectionFactory.java:57)
	at org.postgresql.jdbc.PgConnection.<init>(PgConnection.java:290)
	at org.postgresql.Driver.makeConnection(Driver.java:448)
	at org.postgresql.Driver.connect(Driver.java:298)
	at com.zaxxer.hikari.util.DriverDataSource.getConnection(DriverDataSource.java:144)
	at com.zaxxer.hikari.pool.PoolBase.newConnection(PoolBase.java:373)
	at com.zaxxer.hikari.pool.PoolBase.newPoolEntry(PoolBase.java:210)
	at com.zaxxer.hikari.pool.HikariPool.createPoolEntry(HikariPool.java:488)
	at com.zaxxer.hikari.pool.HikariPool$PoolEntryCreator.call(HikariPool.java:752)
	at com.zaxxer.hikari.pool.HikariPool$PoolEntryCreator.call(HikariPool.java:731)
	at java.base/java.util.concurrent.FutureTask.run(FutureTask.java:317)
	at java.base/java.util.concurrent.ThreadPoolExecutor.runWorker(ThreadPoolExecutor.java:1144)
	at java.base/java.util.concurrent.ThreadPoolExecutor$Worker.run(ThreadPoolExecutor.java:642)
	at java.base/java.lang.Thread.run(Thread.java:1583)
Caused by: java.net.SocketTimeoutException: Read timed out
	at java.base/sun.nio.ch.NioSocketImpl.timedRead(NioSocketImpl.java:278)
	at java.base/sun.nio.ch.NioSocketImpl.implRead(NioSocketImpl.java:304)
	at java.base/sun.nio.ch.NioSocketImpl.read(NioSocketImpl.java:346)
	at java.base/sun.nio.ch.NioSocketImpl$1.read(NioSocketImpl.java:796)
	at java.base/java.net.Socket$SocketInputStream.read(Socket.java:1099)
	at org.postgresql.core.VisibleBufferedInputStream.readMore(VisibleBufferedInputStream.java:192)
	at org.postgresql.core.VisibleBufferedInputStream.ensureBytes(VisibleBufferedInputStream.java:159)
	at org.postgresql.core.VisibleBufferedInputStream.ensureBytes(VisibleBufferedInputStream.java:144)
	at org.postgresql.core.VisibleBufferedInputStream.read(VisibleBufferedInputStream.java:76)
	at org.postgresql.core.PGStream.receiveChar(PGStream.java:477)
	at org.postgresql.core.v3.ConnectionFactoryImpl.enableSSL(ConnectionFactoryImpl.java:627)
	at org.postgresql.core.v3.ConnectionFactoryImpl.tryConnect(ConnectionFactoryImpl.java:207)
	at org.postgresql.core.v3.ConnectionFactoryImpl.openConnectionImpl(ConnectionFactoryImpl.java:289)
	... 14 common frames omitted
2026-05-24 04:34:05 [HikariPool-1:housekeeper] WARN  com.zaxxer.hikari.pool.HikariPool - HikariPool-1 - Thread starvation or clock leap detected (housekeeper delta=2m9s582ms).
2026-05-24 04:49:14 [HikariPool-1:connection-adder] WARN  com.zaxxer.hikari.pool.PoolBase - HikariPool-1 - Pool is empty, failed to create/setup connection (79c5be46-cda2-4ae8-8f1c-8ebb624d6b79)
org.postgresql.util.PSQLException: The connection attempt failed.
	at org.postgresql.core.v3.ConnectionFactoryImpl.openConnectionImpl(ConnectionFactoryImpl.java:385)
	at org.postgresql.core.ConnectionFactory.openConnection(ConnectionFactory.java:57)
	at org.postgresql.jdbc.PgConnection.<init>(PgConnection.java:290)
	at org.postgresql.Driver.makeConnection(Driver.java:448)
	at org.postgresql.Driver.connect(Driver.java:298)
	at com.zaxxer.hikari.util.DriverDataSource.getConnection(DriverDataSource.java:144)
	at com.zaxxer.hikari.pool.PoolBase.newConnection(PoolBase.java:373)
	at com.zaxxer.hikari.pool.PoolBase.newPoolEntry(PoolBase.java:210)
	at com.zaxxer.hikari.pool.HikariPool.createPoolEntry(HikariPool.java:488)
	at com.zaxxer.hikari.pool.HikariPool$PoolEntryCreator.call(HikariPool.java:752)
	at com.zaxxer.hikari.pool.HikariPool$PoolEntryCreator.call(HikariPool.java:731)
	at java.base/java.util.concurrent.FutureTask.run(FutureTask.java:317)
	at java.base/java.util.concurrent.ThreadPoolExecutor.runWorker(ThreadPoolExecutor.java:1144)
	at java.base/java.util.concurrent.ThreadPoolExecutor$Worker.run(ThreadPoolExecutor.java:642)
	at java.base/java.lang.Thread.run(Thread.java:1583)
Caused by: java.net.SocketTimeoutException: Read timed out
	at java.base/sun.nio.ch.NioSocketImpl.timedRead(NioSocketImpl.java:278)
	at java.base/sun.nio.ch.NioSocketImpl.implRead(NioSocketImpl.java:304)
	at java.base/sun.nio.ch.NioSocketImpl.read(NioSocketImpl.java:346)
	at java.base/sun.nio.ch.NioSocketImpl$1.read(NioSocketImpl.java:796)
	at java.base/java.net.Socket$SocketInputStream.read(Socket.java:1099)
	at org.postgresql.core.VisibleBufferedInputStream.readMore(VisibleBufferedInputStream.java:192)
	at org.postgresql.core.VisibleBufferedInputStream.ensureBytes(VisibleBufferedInputStream.java:159)
	at org.postgresql.core.VisibleBufferedInputStream.ensureBytes(VisibleBufferedInputStream.java:144)
	at org.postgresql.core.VisibleBufferedInputStream.read(VisibleBufferedInputStream.java:76)
	at org.postgresql.core.PGStream.receiveChar(PGStream.java:477)
	at org.postgresql.core.v3.ConnectionFactoryImpl.enableSSL(ConnectionFactoryImpl.java:627)
	at org.postgresql.core.v3.ConnectionFactoryImpl.tryConnect(ConnectionFactoryImpl.java:207)
	at org.postgresql.core.v3.ConnectionFactoryImpl.openConnectionImpl(ConnectionFactoryImpl.java:289)
	... 14 common frames omitted
2026-05-24 04:50:49 [HikariPool-1:connection-adder] WARN  com.zaxxer.hikari.pool.PoolBase - HikariPool-1 - Pool is empty, failed to create/setup connection (e2277cbd-83be-4c69-9f7b-33bad5cc725e)
org.postgresql.util.PSQLException: The connection attempt failed.
	at org.postgresql.core.v3.ConnectionFactoryImpl.openConnectionImpl(ConnectionFactoryImpl.java:385)
	at org.postgresql.core.ConnectionFactory.openConnection(ConnectionFactory.java:57)
	at org.postgresql.jdbc.PgConnection.<init>(PgConnection.java:290)
	at org.postgresql.Driver.makeConnection(Driver.java:448)
	at org.postgresql.Driver.connect(Driver.java:298)
	at com.zaxxer.hikari.util.DriverDataSource.getConnection(DriverDataSource.java:144)
	at com.zaxxer.hikari.pool.PoolBase.newConnection(PoolBase.java:373)
	at com.zaxxer.hikari.pool.PoolBase.newPoolEntry(PoolBase.java:210)
	at com.zaxxer.hikari.pool.HikariPool.createPoolEntry(HikariPool.java:488)
	at com.zaxxer.hikari.pool.HikariPool$PoolEntryCreator.call(HikariPool.java:752)
	at com.zaxxer.hikari.pool.HikariPool$PoolEntryCreator.call(HikariPool.java:731)
	at java.base/java.util.concurrent.FutureTask.run(FutureTask.java:317)
	at java.base/java.util.concurrent.ThreadPoolExecutor.runWorker(ThreadPoolExecutor.java:1144)
	at java.base/java.util.concurrent.ThreadPoolExecutor$Worker.run(ThreadPoolExecutor.java:642)
	at java.base/java.lang.Thread.run(Thread.java:1583)
Caused by: java.net.SocketTimeoutException: Read timed out
	at java.base/sun.nio.ch.NioSocketImpl.timedRead(NioSocketImpl.java:278)
	at java.base/sun.nio.ch.NioSocketImpl.implRead(NioSocketImpl.java:304)
	at java.base/sun.nio.ch.NioSocketImpl.read(NioSocketImpl.java:346)
	at java.base/sun.nio.ch.NioSocketImpl$1.read(NioSocketImpl.java:796)
	at java.base/java.net.Socket$SocketInputStream.read(Socket.java:1099)
	at org.postgresql.core.VisibleBufferedInputStream.readMore(VisibleBufferedInputStream.java:192)
	at org.postgresql.core.VisibleBufferedInputStream.ensureBytes(VisibleBufferedInputStream.java:159)
	at org.postgresql.core.VisibleBufferedInputStream.ensureBytes(VisibleBufferedInputStream.java:144)
	at org.postgresql.core.VisibleBufferedInputStream.read(VisibleBufferedInputStream.java:76)
	at org.postgresql.core.PGStream.receiveChar(PGStream.java:477)
	at org.postgresql.core.v3.ConnectionFactoryImpl.enableSSL(ConnectionFactoryImpl.java:627)
	at org.postgresql.core.v3.ConnectionFactoryImpl.tryConnect(ConnectionFactoryImpl.java:207)
	at org.postgresql.core.v3.ConnectionFactoryImpl.openConnectionImpl(ConnectionFactoryImpl.java:289)
	... 14 common frames omitted
2026-05-24 04:50:53 [HikariPool-1:housekeeper] WARN  com.zaxxer.hikari.pool.HikariPool - HikariPool-1 - Thread starvation or clock leap detected (housekeeper delta=16m48s40ms).
2026-05-24 04:51:59 [HikariPool-1:connection-adder] WARN  com.zaxxer.hikari.pool.PoolBase - HikariPool-1 - Pool is empty, failed to create/setup connection (10ed7b4f-c0fe-4be1-a478-b29838b6bb8c)
org.postgresql.util.PSQLException: The connection attempt failed.
	at org.postgresql.core.v3.ConnectionFactoryImpl.openConnectionImpl(ConnectionFactoryImpl.java:385)
	at org.postgresql.core.ConnectionFactory.openConnection(ConnectionFactory.java:57)
	at org.postgresql.jdbc.PgConnection.<init>(PgConnection.java:290)
	at org.postgresql.Driver.makeConnection(Driver.java:448)
	at org.postgresql.Driver.connect(Driver.java:298)
	at com.zaxxer.hikari.util.DriverDataSource.getConnection(DriverDataSource.java:144)
	at com.zaxxer.hikari.pool.PoolBase.newConnection(PoolBase.java:373)
	at com.zaxxer.hikari.pool.PoolBase.newPoolEntry(PoolBase.java:210)
	at com.zaxxer.hikari.pool.HikariPool.createPoolEntry(HikariPool.java:488)
	at com.zaxxer.hikari.pool.HikariPool$PoolEntryCreator.call(HikariPool.java:752)
	at com.zaxxer.hikari.pool.HikariPool$PoolEntryCreator.call(HikariPool.java:731)
	at java.base/java.util.concurrent.FutureTask.run(FutureTask.java:317)
	at java.base/java.util.concurrent.ThreadPoolExecutor.runWorker(ThreadPoolExecutor.java:1144)
	at java.base/java.util.concurrent.ThreadPoolExecutor$Worker.run(ThreadPoolExecutor.java:642)
	at java.base/java.lang.Thread.run(Thread.java:1583)
Caused by: java.net.SocketTimeoutException: Read timed out
	at java.base/sun.nio.ch.NioSocketImpl.timedRead(NioSocketImpl.java:278)
	at java.base/sun.nio.ch.NioSocketImpl.implRead(NioSocketImpl.java:304)
	at java.base/sun.nio.ch.NioSocketImpl.read(NioSocketImpl.java:346)
	at java.base/sun.nio.ch.NioSocketImpl$1.read(NioSocketImpl.java:796)
	at java.base/java.net.Socket$SocketInputStream.read(Socket.java:1099)
	at org.postgresql.core.VisibleBufferedInputStream.readMore(VisibleBufferedInputStream.java:192)
	at org.postgresql.core.VisibleBufferedInputStream.ensureBytes(VisibleBufferedInputStream.java:159)
	at org.postgresql.core.VisibleBufferedInputStream.ensureBytes(VisibleBufferedInputStream.java:144)
	at org.postgresql.core.VisibleBufferedInputStream.read(VisibleBufferedInputStream.java:76)
	at org.postgresql.core.PGStream.receiveChar(PGStream.java:477)
	at org.postgresql.core.v3.ConnectionFactoryImpl.enableSSL(ConnectionFactoryImpl.java:627)
	at org.postgresql.core.v3.ConnectionFactoryImpl.tryConnect(ConnectionFactoryImpl.java:207)
	at org.postgresql.core.v3.ConnectionFactoryImpl.openConnectionImpl(ConnectionFactoryImpl.java:289)
	... 14 common frames omitted
2026-05-24 04:52:13 [HikariPool-1:housekeeper] WARN  com.zaxxer.hikari.pool.HikariPool - HikariPool-1 - Thread starvation or clock leap detected (housekeeper delta=1m19s648ms).
2026-05-24 05:10:36 [HikariPool-1:connection-adder] WARN  com.zaxxer.hikari.pool.PoolBase - HikariPool-1 - Pool is empty, failed to create/setup connection (8b403bb1-20c5-443b-9202-57279982771c)
org.postgresql.util.PSQLException: The connection attempt failed.
	at org.postgresql.core.v3.ConnectionFactoryImpl.openConnectionImpl(ConnectionFactoryImpl.java:385)
	at org.postgresql.core.ConnectionFactory.openConnection(ConnectionFactory.java:57)
	at org.postgresql.jdbc.PgConnection.<init>(PgConnection.java:290)
	at org.postgresql.Driver.makeConnection(Driver.java:448)
	at org.postgresql.Driver.connect(Driver.java:298)
	at com.zaxxer.hikari.util.DriverDataSource.getConnection(DriverDataSource.java:144)
	at com.zaxxer.hikari.pool.PoolBase.newConnection(PoolBase.java:373)
	at com.zaxxer.hikari.pool.PoolBase.newPoolEntry(PoolBase.java:210)
	at com.zaxxer.hikari.pool.HikariPool.createPoolEntry(HikariPool.java:488)
	at com.zaxxer.hikari.pool.HikariPool$PoolEntryCreator.call(HikariPool.java:752)
	at com.zaxxer.hikari.pool.HikariPool$PoolEntryCreator.call(HikariPool.java:731)
	at java.base/java.util.concurrent.FutureTask.run(FutureTask.java:317)
	at java.base/java.util.concurrent.ThreadPoolExecutor.runWorker(ThreadPoolExecutor.java:1144)
	at java.base/java.util.concurrent.ThreadPoolExecutor$Worker.run(ThreadPoolExecutor.java:642)
	at java.base/java.lang.Thread.run(Thread.java:1583)
Caused by: java.net.SocketTimeoutException: Read timed out
	at java.base/sun.nio.ch.NioSocketImpl.timedRead(NioSocketImpl.java:278)
	at java.base/sun.nio.ch.NioSocketImpl.implRead(NioSocketImpl.java:304)
	at java.base/sun.nio.ch.NioSocketImpl.read(NioSocketImpl.java:346)
	at java.base/sun.nio.ch.NioSocketImpl$1.read(NioSocketImpl.java:796)
	at java.base/java.net.Socket$SocketInputStream.read(Socket.java:1099)
	at org.postgresql.core.VisibleBufferedInputStream.readMore(VisibleBufferedInputStream.java:192)
	at org.postgresql.core.VisibleBufferedInputStream.ensureBytes(VisibleBufferedInputStream.java:159)
	at org.postgresql.core.VisibleBufferedInputStream.ensureBytes(VisibleBufferedInputStream.java:144)
	at org.postgresql.core.VisibleBufferedInputStream.read(VisibleBufferedInputStream.java:76)
	at org.postgresql.core.PGStream.receiveChar(PGStream.java:477)
	at org.postgresql.core.v3.ConnectionFactoryImpl.enableSSL(ConnectionFactoryImpl.java:627)
	at org.postgresql.core.v3.ConnectionFactoryImpl.tryConnect(ConnectionFactoryImpl.java:207)
	at org.postgresql.core.v3.ConnectionFactoryImpl.openConnectionImpl(ConnectionFactoryImpl.java:289)
	... 14 common frames omitted
2026-05-24 05:11:05 [HikariPool-1:housekeeper] WARN  com.zaxxer.hikari.pool.HikariPool - HikariPool-1 - Thread starvation or clock leap detected (housekeeper delta=18m52s342ms).
2026-05-24 05:12:46 [HikariPool-1:connection-adder] WARN  com.zaxxer.hikari.pool.PoolBase - HikariPool-1 - Pool is empty, failed to create/setup connection (c2daafe4-9604-4f5f-a625-4edf394df8f2)
org.postgresql.util.PSQLException: The connection attempt failed.
	at org.postgresql.core.v3.ConnectionFactoryImpl.openConnectionImpl(ConnectionFactoryImpl.java:385)
	at org.postgresql.core.ConnectionFactory.openConnection(ConnectionFactory.java:57)
	at org.postgresql.jdbc.PgConnection.<init>(PgConnection.java:290)
	at org.postgresql.Driver.makeConnection(Driver.java:448)
	at org.postgresql.Driver.connect(Driver.java:298)
	at com.zaxxer.hikari.util.DriverDataSource.getConnection(DriverDataSource.java:144)
	at com.zaxxer.hikari.pool.PoolBase.newConnection(PoolBase.java:373)
	at com.zaxxer.hikari.pool.PoolBase.newPoolEntry(PoolBase.java:210)
	at com.zaxxer.hikari.pool.HikariPool.createPoolEntry(HikariPool.java:488)
	at com.zaxxer.hikari.pool.HikariPool$PoolEntryCreator.call(HikariPool.java:752)
	at com.zaxxer.hikari.pool.HikariPool$PoolEntryCreator.call(HikariPool.java:731)
	at java.base/java.util.concurrent.FutureTask.run(FutureTask.java:317)
	at java.base/java.util.concurrent.ThreadPoolExecutor.runWorker(ThreadPoolExecutor.java:1144)
	at java.base/java.util.concurrent.ThreadPoolExecutor$Worker.run(ThreadPoolExecutor.java:642)
	at java.base/java.lang.Thread.run(Thread.java:1583)
Caused by: java.net.SocketTimeoutException: Read timed out
	at java.base/sun.nio.ch.NioSocketImpl.timedRead(NioSocketImpl.java:278)
	at java.base/sun.nio.ch.NioSocketImpl.implRead(NioSocketImpl.java:304)
	at java.base/sun.nio.ch.NioSocketImpl.read(NioSocketImpl.java:346)
	at java.base/sun.nio.ch.NioSocketImpl$1.read(NioSocketImpl.java:796)
	at java.base/java.net.Socket$SocketInputStream.read(Socket.java:1099)
	at org.postgresql.core.VisibleBufferedInputStream.readMore(VisibleBufferedInputStream.java:192)
	at org.postgresql.core.VisibleBufferedInputStream.ensureBytes(VisibleBufferedInputStream.java:159)
	at org.postgresql.core.VisibleBufferedInputStream.ensureBytes(VisibleBufferedInputStream.java:144)
	at org.postgresql.core.VisibleBufferedInputStream.read(VisibleBufferedInputStream.java:76)
	at org.postgresql.core.PGStream.receiveChar(PGStream.java:477)
	at org.postgresql.core.v3.ConnectionFactoryImpl.enableSSL(ConnectionFactoryImpl.java:627)
	at org.postgresql.core.v3.ConnectionFactoryImpl.tryConnect(ConnectionFactoryImpl.java:207)
	at org.postgresql.core.v3.ConnectionFactoryImpl.openConnectionImpl(ConnectionFactoryImpl.java:289)
	... 14 common frames omitted
2026-05-24 05:12:50 [HikariPool-1:housekeeper] WARN  com.zaxxer.hikari.pool.HikariPool - HikariPool-1 - Thread starvation or clock leap detected (housekeeper delta=1m44s671ms).
2026-05-24 05:28:33 [HikariPool-1:connection-adder] WARN  com.zaxxer.hikari.pool.PoolBase - HikariPool-1 - Pool is empty, failed to create/setup connection (54c72385-405f-4f1e-a812-2d307a0f79ad)
org.postgresql.util.PSQLException: The connection attempt failed.
	at org.postgresql.core.v3.ConnectionFactoryImpl.openConnectionImpl(ConnectionFactoryImpl.java:385)
	at org.postgresql.core.ConnectionFactory.openConnection(ConnectionFactory.java:57)
	at org.postgresql.jdbc.PgConnection.<init>(PgConnection.java:290)
	at org.postgresql.Driver.makeConnection(Driver.java:448)
	at org.postgresql.Driver.connect(Driver.java:298)
	at com.zaxxer.hikari.util.DriverDataSource.getConnection(DriverDataSource.java:144)
	at com.zaxxer.hikari.pool.PoolBase.newConnection(PoolBase.java:373)
	at com.zaxxer.hikari.pool.PoolBase.newPoolEntry(PoolBase.java:210)
	at com.zaxxer.hikari.pool.HikariPool.createPoolEntry(HikariPool.java:488)
	at com.zaxxer.hikari.pool.HikariPool$PoolEntryCreator.call(HikariPool.java:752)
	at com.zaxxer.hikari.pool.HikariPool$PoolEntryCreator.call(HikariPool.java:731)
	at java.base/java.util.concurrent.FutureTask.run(FutureTask.java:317)
	at java.base/java.util.concurrent.ThreadPoolExecutor.runWorker(ThreadPoolExecutor.java:1144)
	at java.base/java.util.concurrent.ThreadPoolExecutor$Worker.run(ThreadPoolExecutor.java:642)
	at java.base/java.lang.Thread.run(Thread.java:1583)
Caused by: java.net.SocketTimeoutException: Read timed out
	at java.base/sun.nio.ch.NioSocketImpl.timedRead(NioSocketImpl.java:278)
	at java.base/sun.nio.ch.NioSocketImpl.implRead(NioSocketImpl.java:304)
	at java.base/sun.nio.ch.NioSocketImpl.read(NioSocketImpl.java:346)
	at java.base/sun.nio.ch.NioSocketImpl$1.read(NioSocketImpl.java:796)
	at java.base/java.net.Socket$SocketInputStream.read(Socket.java:1099)
	at org.postgresql.core.VisibleBufferedInputStream.readMore(VisibleBufferedInputStream.java:192)
	at org.postgresql.core.VisibleBufferedInputStream.ensureBytes(VisibleBufferedInputStream.java:159)
	at org.postgresql.core.VisibleBufferedInputStream.ensureBytes(VisibleBufferedInputStream.java:144)
	at org.postgresql.core.VisibleBufferedInputStream.read(VisibleBufferedInputStream.java:76)
	at org.postgresql.core.PGStream.receiveChar(PGStream.java:477)
	at org.postgresql.core.v3.ConnectionFactoryImpl.enableSSL(ConnectionFactoryImpl.java:627)
	at org.postgresql.core.v3.ConnectionFactoryImpl.tryConnect(ConnectionFactoryImpl.java:207)
	at org.postgresql.core.v3.ConnectionFactoryImpl.openConnectionImpl(ConnectionFactoryImpl.java:289)
	... 14 common frames omitted
2026-05-24 05:30:08 [HikariPool-1:connection-adder] WARN  com.zaxxer.hikari.pool.PoolBase - HikariPool-1 - Pool is empty, failed to create/setup connection (27b58e49-53f3-485d-bbbd-e2322a02c5eb)
org.postgresql.util.PSQLException: The connection attempt failed.
	at org.postgresql.core.v3.ConnectionFactoryImpl.openConnectionImpl(ConnectionFactoryImpl.java:385)
	at org.postgresql.core.ConnectionFactory.openConnection(ConnectionFactory.java:57)
	at org.postgresql.jdbc.PgConnection.<init>(PgConnection.java:290)
	at org.postgresql.Driver.makeConnection(Driver.java:448)
	at org.postgresql.Driver.connect(Driver.java:298)
	at com.zaxxer.hikari.util.DriverDataSource.getConnection(DriverDataSource.java:144)
	at com.zaxxer.hikari.pool.PoolBase.newConnection(PoolBase.java:373)
	at com.zaxxer.hikari.pool.PoolBase.newPoolEntry(PoolBase.java:210)
	at com.zaxxer.hikari.pool.HikariPool.createPoolEntry(HikariPool.java:488)
	at com.zaxxer.hikari.pool.HikariPool$PoolEntryCreator.call(HikariPool.java:752)
	at com.zaxxer.hikari.pool.HikariPool$PoolEntryCreator.call(HikariPool.java:731)
	at java.base/java.util.concurrent.FutureTask.run(FutureTask.java:317)
	at java.base/java.util.concurrent.ThreadPoolExecutor.runWorker(ThreadPoolExecutor.java:1144)
	at java.base/java.util.concurrent.ThreadPoolExecutor$Worker.run(ThreadPoolExecutor.java:642)
	at java.base/java.lang.Thread.run(Thread.java:1583)
Caused by: java.net.SocketTimeoutException: Read timed out
	at java.base/sun.nio.ch.NioSocketImpl.timedRead(NioSocketImpl.java:278)
	at java.base/sun.nio.ch.NioSocketImpl.implRead(NioSocketImpl.java:304)
	at java.base/sun.nio.ch.NioSocketImpl.read(NioSocketImpl.java:346)
	at java.base/sun.nio.ch.NioSocketImpl$1.read(NioSocketImpl.java:796)
	at java.base/java.net.Socket$SocketInputStream.read(Socket.java:1099)
	at org.postgresql.core.VisibleBufferedInputStream.readMore(VisibleBufferedInputStream.java:192)
	at org.postgresql.core.VisibleBufferedInputStream.ensureBytes(VisibleBufferedInputStream.java:159)
	at org.postgresql.core.VisibleBufferedInputStream.ensureBytes(VisibleBufferedInputStream.java:144)
	at org.postgresql.core.VisibleBufferedInputStream.read(VisibleBufferedInputStream.java:76)
	at org.postgresql.core.PGStream.receiveChar(PGStream.java:477)
	at org.postgresql.core.v3.ConnectionFactoryImpl.enableSSL(ConnectionFactoryImpl.java:627)
	at org.postgresql.core.v3.ConnectionFactoryImpl.tryConnect(ConnectionFactoryImpl.java:207)
	at org.postgresql.core.v3.ConnectionFactoryImpl.openConnectionImpl(ConnectionFactoryImpl.java:289)
	... 14 common frames omitted
2026-05-24 05:30:11 [HikariPool-1:housekeeper] WARN  com.zaxxer.hikari.pool.HikariPool - HikariPool-1 - Thread starvation or clock leap detected (housekeeper delta=17m21s719ms).
2026-05-24 05:32:26 [HikariPool-1:connection-adder] WARN  com.zaxxer.hikari.pool.PoolBase - HikariPool-1 - Pool is empty, failed to create/setup connection (b5d01c2c-fd7b-486c-9cc4-0f047019b361)
org.postgresql.util.PSQLException: The connection attempt failed.
	at org.postgresql.core.v3.ConnectionFactoryImpl.openConnectionImpl(ConnectionFactoryImpl.java:385)
	at org.postgresql.core.ConnectionFactory.openConnection(ConnectionFactory.java:57)
	at org.postgresql.jdbc.PgConnection.<init>(PgConnection.java:290)
	at org.postgresql.Driver.makeConnection(Driver.java:448)
	at org.postgresql.Driver.connect(Driver.java:298)
	at com.zaxxer.hikari.util.DriverDataSource.getConnection(DriverDataSource.java:144)
	at com.zaxxer.hikari.pool.PoolBase.newConnection(PoolBase.java:373)
	at com.zaxxer.hikari.pool.PoolBase.newPoolEntry(PoolBase.java:210)
	at com.zaxxer.hikari.pool.HikariPool.createPoolEntry(HikariPool.java:488)
	at com.zaxxer.hikari.pool.HikariPool$PoolEntryCreator.call(HikariPool.java:752)
	at com.zaxxer.hikari.pool.HikariPool$PoolEntryCreator.call(HikariPool.java:731)
	at java.base/java.util.concurrent.FutureTask.run(FutureTask.java:317)
	at java.base/java.util.concurrent.ThreadPoolExecutor.runWorker(ThreadPoolExecutor.java:1144)
	at java.base/java.util.concurrent.ThreadPoolExecutor$Worker.run(ThreadPoolExecutor.java:642)
	at java.base/java.lang.Thread.run(Thread.java:1583)
Caused by: java.net.SocketTimeoutException: Read timed out
	at java.base/sun.nio.ch.NioSocketImpl.timedRead(NioSocketImpl.java:278)
	at java.base/sun.nio.ch.NioSocketImpl.implRead(NioSocketImpl.java:304)
	at java.base/sun.nio.ch.NioSocketImpl.read(NioSocketImpl.java:346)
	at java.base/sun.nio.ch.NioSocketImpl$1.read(NioSocketImpl.java:796)
	at java.base/java.net.Socket$SocketInputStream.read(Socket.java:1099)
	at org.postgresql.core.VisibleBufferedInputStream.readMore(VisibleBufferedInputStream.java:192)
	at org.postgresql.core.VisibleBufferedInputStream.ensureBytes(VisibleBufferedInputStream.java:159)
	at org.postgresql.core.VisibleBufferedInputStream.ensureBytes(VisibleBufferedInputStream.java:144)
	at org.postgresql.core.VisibleBufferedInputStream.read(VisibleBufferedInputStream.java:76)
	at org.postgresql.core.PGStream.receiveChar(PGStream.java:477)
	at org.postgresql.core.v3.ConnectionFactoryImpl.enableSSL(ConnectionFactoryImpl.java:627)
	at org.postgresql.core.v3.ConnectionFactoryImpl.tryConnect(ConnectionFactoryImpl.java:207)
	at org.postgresql.core.v3.ConnectionFactoryImpl.openConnectionImpl(ConnectionFactoryImpl.java:289)
	... 14 common frames omitted
2026-05-24 05:32:40 [HikariPool-1:housekeeper] WARN  com.zaxxer.hikari.pool.HikariPool - HikariPool-1 - Thread starvation or clock leap detected (housekeeper delta=2m28s393ms).
2026-05-24 05:48:48 [HikariPool-1:connection-adder] WARN  com.zaxxer.hikari.pool.PoolBase - HikariPool-1 - Pool is empty, failed to create/setup connection (fe5469d2-79d3-49c9-ae16-505429801cd6)
org.postgresql.util.PSQLException: The connection attempt failed.
	at org.postgresql.core.v3.ConnectionFactoryImpl.openConnectionImpl(ConnectionFactoryImpl.java:385)
	at org.postgresql.core.ConnectionFactory.openConnection(ConnectionFactory.java:57)
	at org.postgresql.jdbc.PgConnection.<init>(PgConnection.java:290)
	at org.postgresql.Driver.makeConnection(Driver.java:448)
	at org.postgresql.Driver.connect(Driver.java:298)
	at com.zaxxer.hikari.util.DriverDataSource.getConnection(DriverDataSource.java:144)
	at com.zaxxer.hikari.pool.PoolBase.newConnection(PoolBase.java:373)
	at com.zaxxer.hikari.pool.PoolBase.newPoolEntry(PoolBase.java:210)
	at com.zaxxer.hikari.pool.HikariPool.createPoolEntry(HikariPool.java:488)
	at com.zaxxer.hikari.pool.HikariPool$PoolEntryCreator.call(HikariPool.java:752)
	at com.zaxxer.hikari.pool.HikariPool$PoolEntryCreator.call(HikariPool.java:731)
	at java.base/java.util.concurrent.FutureTask.run(FutureTask.java:317)
	at java.base/java.util.concurrent.ThreadPoolExecutor.runWorker(ThreadPoolExecutor.java:1144)
	at java.base/java.util.concurrent.ThreadPoolExecutor$Worker.run(ThreadPoolExecutor.java:642)
	at java.base/java.lang.Thread.run(Thread.java:1583)
Caused by: java.net.SocketTimeoutException: Read timed out
	at java.base/sun.nio.ch.NioSocketImpl.timedRead(NioSocketImpl.java:278)
	at java.base/sun.nio.ch.NioSocketImpl.implRead(NioSocketImpl.java:304)
	at java.base/sun.nio.ch.NioSocketImpl.read(NioSocketImpl.java:346)
	at java.base/sun.nio.ch.NioSocketImpl$1.read(NioSocketImpl.java:796)
	at java.base/java.net.Socket$SocketInputStream.read(Socket.java:1099)
	at org.postgresql.core.VisibleBufferedInputStream.readMore(VisibleBufferedInputStream.java:192)
	at org.postgresql.core.VisibleBufferedInputStream.ensureBytes(VisibleBufferedInputStream.java:159)
	at org.postgresql.core.VisibleBufferedInputStream.ensureBytes(VisibleBufferedInputStream.java:144)
	at org.postgresql.core.VisibleBufferedInputStream.read(VisibleBufferedInputStream.java:76)
	at org.postgresql.core.PGStream.receiveChar(PGStream.java:477)
	at org.postgresql.core.v3.ConnectionFactoryImpl.enableSSL(ConnectionFactoryImpl.java:627)
	at org.postgresql.core.v3.ConnectionFactoryImpl.tryConnect(ConnectionFactoryImpl.java:207)
	at org.postgresql.core.v3.ConnectionFactoryImpl.openConnectionImpl(ConnectionFactoryImpl.java:289)
	... 14 common frames omitted
2026-05-24 05:49:26 [HikariPool-1:housekeeper] WARN  com.zaxxer.hikari.pool.HikariPool - HikariPool-1 - Thread starvation or clock leap detected (housekeeper delta=16m46s432ms).
2026-05-24 05:49:58 [HikariPool-1:connection-adder] WARN  com.zaxxer.hikari.pool.PoolBase - HikariPool-1 - Pool is empty, failed to create/setup connection (10440ad4-3438-4874-9118-82b3d0d382e0)
org.postgresql.util.PSQLException: The connection attempt failed.
	at org.postgresql.core.v3.ConnectionFactoryImpl.openConnectionImpl(ConnectionFactoryImpl.java:385)
	at org.postgresql.core.ConnectionFactory.openConnection(ConnectionFactory.java:57)
	at org.postgresql.jdbc.PgConnection.<init>(PgConnection.java:290)
	at org.postgresql.Driver.makeConnection(Driver.java:448)
	at org.postgresql.Driver.connect(Driver.java:298)
	at com.zaxxer.hikari.util.DriverDataSource.getConnection(DriverDataSource.java:144)
	at com.zaxxer.hikari.pool.PoolBase.newConnection(PoolBase.java:373)
	at com.zaxxer.hikari.pool.PoolBase.newPoolEntry(PoolBase.java:210)
	at com.zaxxer.hikari.pool.HikariPool.createPoolEntry(HikariPool.java:488)
	at com.zaxxer.hikari.pool.HikariPool$PoolEntryCreator.call(HikariPool.java:752)
	at com.zaxxer.hikari.pool.HikariPool$PoolEntryCreator.call(HikariPool.java:731)
	at java.base/java.util.concurrent.FutureTask.run(FutureTask.java:317)
	at java.base/java.util.concurrent.ThreadPoolExecutor.runWorker(ThreadPoolExecutor.java:1144)
	at java.base/java.util.concurrent.ThreadPoolExecutor$Worker.run(ThreadPoolExecutor.java:642)
	at java.base/java.lang.Thread.run(Thread.java:1583)
Caused by: java.net.SocketTimeoutException: Read timed out
	at java.base/sun.nio.ch.NioSocketImpl.timedRead(NioSocketImpl.java:278)
	at java.base/sun.nio.ch.NioSocketImpl.implRead(NioSocketImpl.java:304)
	at java.base/sun.nio.ch.NioSocketImpl.read(NioSocketImpl.java:346)
	at java.base/sun.nio.ch.NioSocketImpl$1.read(NioSocketImpl.java:796)
	at java.base/java.net.Socket$SocketInputStream.read(Socket.java:1099)
	at org.postgresql.core.VisibleBufferedInputStream.readMore(VisibleBufferedInputStream.java:192)
	at org.postgresql.core.VisibleBufferedInputStream.ensureBytes(VisibleBufferedInputStream.java:159)
	at org.postgresql.core.VisibleBufferedInputStream.ensureBytes(VisibleBufferedInputStream.java:144)
	at org.postgresql.core.VisibleBufferedInputStream.read(VisibleBufferedInputStream.java:76)
	at org.postgresql.core.PGStream.receiveChar(PGStream.java:477)
	at org.postgresql.core.v3.ConnectionFactoryImpl.enableSSL(ConnectionFactoryImpl.java:627)
	at org.postgresql.core.v3.ConnectionFactoryImpl.tryConnect(ConnectionFactoryImpl.java:207)
	at org.postgresql.core.v3.ConnectionFactoryImpl.openConnectionImpl(ConnectionFactoryImpl.java:289)
	... 14 common frames omitted
2026-05-24 06:06:27 [HikariPool-1:connection-adder] WARN  com.zaxxer.hikari.pool.PoolBase - HikariPool-1 - Pool is empty, failed to create/setup connection (621f5487-6be0-45a3-ae01-39ff5a89da6c)
org.postgresql.util.PSQLException: The connection attempt failed.
	at org.postgresql.core.v3.ConnectionFactoryImpl.openConnectionImpl(ConnectionFactoryImpl.java:385)
	at org.postgresql.core.ConnectionFactory.openConnection(ConnectionFactory.java:57)
	at org.postgresql.jdbc.PgConnection.<init>(PgConnection.java:290)
	at org.postgresql.Driver.makeConnection(Driver.java:448)
	at org.postgresql.Driver.connect(Driver.java:298)
	at com.zaxxer.hikari.util.DriverDataSource.getConnection(DriverDataSource.java:144)
	at com.zaxxer.hikari.pool.PoolBase.newConnection(PoolBase.java:373)
	at com.zaxxer.hikari.pool.PoolBase.newPoolEntry(PoolBase.java:210)
	at com.zaxxer.hikari.pool.HikariPool.createPoolEntry(HikariPool.java:488)
	at com.zaxxer.hikari.pool.HikariPool$PoolEntryCreator.call(HikariPool.java:752)
	at com.zaxxer.hikari.pool.HikariPool$PoolEntryCreator.call(HikariPool.java:731)
	at java.base/java.util.concurrent.FutureTask.run(FutureTask.java:317)
	at java.base/java.util.concurrent.ThreadPoolExecutor.runWorker(ThreadPoolExecutor.java:1144)
	at java.base/java.util.concurrent.ThreadPoolExecutor$Worker.run(ThreadPoolExecutor.java:642)
	at java.base/java.lang.Thread.run(Thread.java:1583)
Caused by: java.net.SocketTimeoutException: Read timed out
	at java.base/sun.nio.ch.NioSocketImpl.timedRead(NioSocketImpl.java:278)
	at java.base/sun.nio.ch.NioSocketImpl.implRead(NioSocketImpl.java:304)
	at java.base/sun.nio.ch.NioSocketImpl.read(NioSocketImpl.java:346)
	at java.base/sun.nio.ch.NioSocketImpl$1.read(NioSocketImpl.java:796)
	at java.base/java.net.Socket$SocketInputStream.read(Socket.java:1099)
	at org.postgresql.core.VisibleBufferedInputStream.readMore(VisibleBufferedInputStream.java:192)
	at org.postgresql.core.VisibleBufferedInputStream.ensureBytes(VisibleBufferedInputStream.java:159)
	at org.postgresql.core.VisibleBufferedInputStream.ensureBytes(VisibleBufferedInputStream.java:144)
	at org.postgresql.core.VisibleBufferedInputStream.read(VisibleBufferedInputStream.java:76)
	at org.postgresql.core.PGStream.receiveChar(PGStream.java:477)
	at org.postgresql.core.v3.ConnectionFactoryImpl.enableSSL(ConnectionFactoryImpl.java:627)
	at org.postgresql.core.v3.ConnectionFactoryImpl.tryConnect(ConnectionFactoryImpl.java:207)
	at org.postgresql.core.v3.ConnectionFactoryImpl.openConnectionImpl(ConnectionFactoryImpl.java:289)
	... 14 common frames omitted
2026-05-24 06:06:30 [HikariPool-1:housekeeper] WARN  com.zaxxer.hikari.pool.HikariPool - HikariPool-1 - Thread starvation or clock leap detected (housekeeper delta=17m4s78ms).
2026-05-24 06:07:37 [HikariPool-1:connection-adder] WARN  com.zaxxer.hikari.pool.PoolBase - HikariPool-1 - Pool is empty, failed to create/setup connection (d4b61d7c-ec9c-4e2b-8e5d-ebbd0530bf0d)
org.postgresql.util.PSQLException: The connection attempt failed.
	at org.postgresql.core.v3.ConnectionFactoryImpl.openConnectionImpl(ConnectionFactoryImpl.java:385)
	at org.postgresql.core.ConnectionFactory.openConnection(ConnectionFactory.java:57)
	at org.postgresql.jdbc.PgConnection.<init>(PgConnection.java:290)
	at org.postgresql.Driver.makeConnection(Driver.java:448)
	at org.postgresql.Driver.connect(Driver.java:298)
	at com.zaxxer.hikari.util.DriverDataSource.getConnection(DriverDataSource.java:144)
	at com.zaxxer.hikari.pool.PoolBase.newConnection(PoolBase.java:373)
	at com.zaxxer.hikari.pool.PoolBase.newPoolEntry(PoolBase.java:210)
	at com.zaxxer.hikari.pool.HikariPool.createPoolEntry(HikariPool.java:488)
	at com.zaxxer.hikari.pool.HikariPool$PoolEntryCreator.call(HikariPool.java:752)
	at com.zaxxer.hikari.pool.HikariPool$PoolEntryCreator.call(HikariPool.java:731)
	at java.base/java.util.concurrent.FutureTask.run(FutureTask.java:317)
	at java.base/java.util.concurrent.ThreadPoolExecutor.runWorker(ThreadPoolExecutor.java:1144)
	at java.base/java.util.concurrent.ThreadPoolExecutor$Worker.run(ThreadPoolExecutor.java:642)
	at java.base/java.lang.Thread.run(Thread.java:1583)
Caused by: java.net.SocketTimeoutException: Read timed out
	at java.base/sun.nio.ch.NioSocketImpl.timedRead(NioSocketImpl.java:278)
	at java.base/sun.nio.ch.NioSocketImpl.implRead(NioSocketImpl.java:304)
	at java.base/sun.nio.ch.NioSocketImpl.read(NioSocketImpl.java:346)
	at java.base/sun.nio.ch.NioSocketImpl$1.read(NioSocketImpl.java:796)
	at java.base/java.net.Socket$SocketInputStream.read(Socket.java:1099)
	at org.postgresql.core.VisibleBufferedInputStream.readMore(VisibleBufferedInputStream.java:192)
	at org.postgresql.core.VisibleBufferedInputStream.ensureBytes(VisibleBufferedInputStream.java:159)
	at org.postgresql.core.VisibleBufferedInputStream.ensureBytes(VisibleBufferedInputStream.java:144)
	at org.postgresql.core.VisibleBufferedInputStream.read(VisibleBufferedInputStream.java:76)
	at org.postgresql.core.PGStream.receiveChar(PGStream.java:477)
	at org.postgresql.core.v3.ConnectionFactoryImpl.enableSSL(ConnectionFactoryImpl.java:627)
	at org.postgresql.core.v3.ConnectionFactoryImpl.tryConnect(ConnectionFactoryImpl.java:207)
	at org.postgresql.core.v3.ConnectionFactoryImpl.openConnectionImpl(ConnectionFactoryImpl.java:289)
	... 14 common frames omitted
2026-05-24 06:08:15 [HikariPool-1:housekeeper] WARN  com.zaxxer.hikari.pool.HikariPool - HikariPool-1 - Thread starvation or clock leap detected (housekeeper delta=1m44s591ms).
2026-05-24 06:24:27 [HikariPool-1:connection-adder] WARN  com.zaxxer.hikari.pool.PoolBase - HikariPool-1 - Pool is empty, failed to create/setup connection (b4a835d7-6049-4c52-8455-bd50ee245cae)
org.postgresql.util.PSQLException: The connection attempt failed.
	at org.postgresql.core.v3.ConnectionFactoryImpl.openConnectionImpl(ConnectionFactoryImpl.java:385)
	at org.postgresql.core.ConnectionFactory.openConnection(ConnectionFactory.java:57)
	at org.postgresql.jdbc.PgConnection.<init>(PgConnection.java:290)
	at org.postgresql.Driver.makeConnection(Driver.java:448)
	at org.postgresql.Driver.connect(Driver.java:298)
	at com.zaxxer.hikari.util.DriverDataSource.getConnection(DriverDataSource.java:144)
	at com.zaxxer.hikari.pool.PoolBase.newConnection(PoolBase.java:373)
	at com.zaxxer.hikari.pool.PoolBase.newPoolEntry(PoolBase.java:210)
	at com.zaxxer.hikari.pool.HikariPool.createPoolEntry(HikariPool.java:488)
	at com.zaxxer.hikari.pool.HikariPool$PoolEntryCreator.call(HikariPool.java:752)
	at com.zaxxer.hikari.pool.HikariPool$PoolEntryCreator.call(HikariPool.java:731)
	at java.base/java.util.concurrent.FutureTask.run(FutureTask.java:317)
	at java.base/java.util.concurrent.ThreadPoolExecutor.runWorker(ThreadPoolExecutor.java:1144)
	at java.base/java.util.concurrent.ThreadPoolExecutor$Worker.run(ThreadPoolExecutor.java:642)
	at java.base/java.lang.Thread.run(Thread.java:1583)
Caused by: java.net.SocketTimeoutException: Read timed out
	at java.base/sun.nio.ch.NioSocketImpl.timedRead(NioSocketImpl.java:278)
	at java.base/sun.nio.ch.NioSocketImpl.implRead(NioSocketImpl.java:304)
	at java.base/sun.nio.ch.NioSocketImpl.read(NioSocketImpl.java:346)
	at java.base/sun.nio.ch.NioSocketImpl$1.read(NioSocketImpl.java:796)
	at java.base/java.net.Socket$SocketInputStream.read(Socket.java:1099)
	at org.postgresql.core.VisibleBufferedInputStream.readMore(VisibleBufferedInputStream.java:192)
	at org.postgresql.core.VisibleBufferedInputStream.ensureBytes(VisibleBufferedInputStream.java:159)
	at org.postgresql.core.VisibleBufferedInputStream.ensureBytes(VisibleBufferedInputStream.java:144)
	at org.postgresql.core.VisibleBufferedInputStream.read(VisibleBufferedInputStream.java:76)
	at org.postgresql.core.PGStream.receiveChar(PGStream.java:477)
	at org.postgresql.core.v3.ConnectionFactoryImpl.enableSSL(ConnectionFactoryImpl.java:627)
	at org.postgresql.core.v3.ConnectionFactoryImpl.tryConnect(ConnectionFactoryImpl.java:207)
	at org.postgresql.core.v3.ConnectionFactoryImpl.openConnectionImpl(ConnectionFactoryImpl.java:289)
	... 14 common frames omitted
2026-05-24 06:25:30 [HikariPool-1:housekeeper] WARN  com.zaxxer.hikari.pool.HikariPool - HikariPool-1 - Thread starvation or clock leap detected (housekeeper delta=17m14s869ms).
2026-05-24 06:25:36 [HikariPool-1:connection-adder] WARN  com.zaxxer.hikari.pool.PoolBase - HikariPool-1 - Pool is empty, failed to create/setup connection (e37ba882-00d0-4e1c-8f43-764495394dd9)
org.postgresql.util.PSQLException: The connection attempt failed.
	at org.postgresql.core.v3.ConnectionFactoryImpl.openConnectionImpl(ConnectionFactoryImpl.java:385)
	at org.postgresql.core.ConnectionFactory.openConnection(ConnectionFactory.java:57)
	at org.postgresql.jdbc.PgConnection.<init>(PgConnection.java:290)
	at org.postgresql.Driver.makeConnection(Driver.java:448)
	at org.postgresql.Driver.connect(Driver.java:298)
	at com.zaxxer.hikari.util.DriverDataSource.getConnection(DriverDataSource.java:144)
	at com.zaxxer.hikari.pool.PoolBase.newConnection(PoolBase.java:373)
	at com.zaxxer.hikari.pool.PoolBase.newPoolEntry(PoolBase.java:210)
	at com.zaxxer.hikari.pool.HikariPool.createPoolEntry(HikariPool.java:488)
	at com.zaxxer.hikari.pool.HikariPool$PoolEntryCreator.call(HikariPool.java:752)
	at com.zaxxer.hikari.pool.HikariPool$PoolEntryCreator.call(HikariPool.java:731)
	at java.base/java.util.concurrent.FutureTask.run(FutureTask.java:317)
	at java.base/java.util.concurrent.ThreadPoolExecutor.runWorker(ThreadPoolExecutor.java:1144)
	at java.base/java.util.concurrent.ThreadPoolExecutor$Worker.run(ThreadPoolExecutor.java:642)
	at java.base/java.lang.Thread.run(Thread.java:1583)
Caused by: java.net.SocketTimeoutException: Read timed out
	at java.base/sun.nio.ch.NioSocketImpl.timedRead(NioSocketImpl.java:278)
	at java.base/sun.nio.ch.NioSocketImpl.implRead(NioSocketImpl.java:304)
	at java.base/sun.nio.ch.NioSocketImpl.read(NioSocketImpl.java:346)
	at java.base/sun.nio.ch.NioSocketImpl$1.read(NioSocketImpl.java:796)
	at java.base/java.net.Socket$SocketInputStream.read(Socket.java:1099)
	at org.postgresql.core.VisibleBufferedInputStream.readMore(VisibleBufferedInputStream.java:192)
	at org.postgresql.core.VisibleBufferedInputStream.ensureBytes(VisibleBufferedInputStream.java:159)
	at org.postgresql.core.VisibleBufferedInputStream.ensureBytes(VisibleBufferedInputStream.java:144)
	at org.postgresql.core.VisibleBufferedInputStream.read(VisibleBufferedInputStream.java:76)
	at org.postgresql.core.PGStream.receiveChar(PGStream.java:477)
	at org.postgresql.core.v3.ConnectionFactoryImpl.enableSSL(ConnectionFactoryImpl.java:627)
	at org.postgresql.core.v3.ConnectionFactoryImpl.tryConnect(ConnectionFactoryImpl.java:207)
	at org.postgresql.core.v3.ConnectionFactoryImpl.openConnectionImpl(ConnectionFactoryImpl.java:289)
	... 14 common frames omitted
2026-05-24 06:33:22 [HikariPool-1:connection-adder] WARN  com.zaxxer.hikari.pool.PoolBase - HikariPool-1 - Pool is empty, failed to create/setup connection (23be771e-3435-4888-ab59-5e9f1b904fad)
org.postgresql.util.PSQLException: The connection attempt failed.
	at org.postgresql.core.v3.ConnectionFactoryImpl.openConnectionImpl(ConnectionFactoryImpl.java:385)
	at org.postgresql.core.ConnectionFactory.openConnection(ConnectionFactory.java:57)
	at org.postgresql.jdbc.PgConnection.<init>(PgConnection.java:290)
	at org.postgresql.Driver.makeConnection(Driver.java:448)
	at org.postgresql.Driver.connect(Driver.java:298)
	at com.zaxxer.hikari.util.DriverDataSource.getConnection(DriverDataSource.java:144)
	at com.zaxxer.hikari.pool.PoolBase.newConnection(PoolBase.java:373)
	at com.zaxxer.hikari.pool.PoolBase.newPoolEntry(PoolBase.java:210)
	at com.zaxxer.hikari.pool.HikariPool.createPoolEntry(HikariPool.java:488)
	at com.zaxxer.hikari.pool.HikariPool$PoolEntryCreator.call(HikariPool.java:752)
	at com.zaxxer.hikari.pool.HikariPool$PoolEntryCreator.call(HikariPool.java:731)
	at java.base/java.util.concurrent.FutureTask.run(FutureTask.java:317)
	at java.base/java.util.concurrent.ThreadPoolExecutor.runWorker(ThreadPoolExecutor.java:1144)
	at java.base/java.util.concurrent.ThreadPoolExecutor$Worker.run(ThreadPoolExecutor.java:642)
	at java.base/java.lang.Thread.run(Thread.java:1583)
Caused by: java.net.SocketTimeoutException: Read timed out
	at java.base/sun.nio.ch.NioSocketImpl.timedRead(NioSocketImpl.java:278)
	at java.base/sun.nio.ch.NioSocketImpl.implRead(NioSocketImpl.java:304)
	at java.base/sun.nio.ch.NioSocketImpl.read(NioSocketImpl.java:346)
	at java.base/sun.nio.ch.NioSocketImpl$1.read(NioSocketImpl.java:796)
	at java.base/java.net.Socket$SocketInputStream.read(Socket.java:1099)
	at org.postgresql.core.VisibleBufferedInputStream.readMore(VisibleBufferedInputStream.java:192)
	at org.postgresql.core.VisibleBufferedInputStream.ensureBytes(VisibleBufferedInputStream.java:159)
	at org.postgresql.core.VisibleBufferedInputStream.ensureBytes(VisibleBufferedInputStream.java:144)
	at org.postgresql.core.VisibleBufferedInputStream.read(VisibleBufferedInputStream.java:76)
	at org.postgresql.core.PGStream.receiveChar(PGStream.java:477)
	at org.postgresql.core.v3.ConnectionFactoryImpl.enableSSL(ConnectionFactoryImpl.java:627)
	at org.postgresql.core.v3.ConnectionFactoryImpl.tryConnect(ConnectionFactoryImpl.java:207)
	at org.postgresql.core.v3.ConnectionFactoryImpl.openConnectionImpl(ConnectionFactoryImpl.java:289)
	... 14 common frames omitted
2026-05-24 06:51:03 [HikariPool-1:connection-adder] WARN  com.zaxxer.hikari.pool.PoolBase - HikariPool-1 - Pool is empty, failed to create/setup connection (d8bd2f72-7981-4894-ab58-616c451f46bf)
org.postgresql.util.PSQLException: The connection attempt failed.
	at org.postgresql.core.v3.ConnectionFactoryImpl.openConnectionImpl(ConnectionFactoryImpl.java:385)
	at org.postgresql.core.ConnectionFactory.openConnection(ConnectionFactory.java:57)
	at org.postgresql.jdbc.PgConnection.<init>(PgConnection.java:290)
	at org.postgresql.Driver.makeConnection(Driver.java:448)
	at org.postgresql.Driver.connect(Driver.java:298)
	at com.zaxxer.hikari.util.DriverDataSource.getConnection(DriverDataSource.java:144)
	at com.zaxxer.hikari.pool.PoolBase.newConnection(PoolBase.java:373)
	at com.zaxxer.hikari.pool.PoolBase.newPoolEntry(PoolBase.java:210)
	at com.zaxxer.hikari.pool.HikariPool.createPoolEntry(HikariPool.java:488)
	at com.zaxxer.hikari.pool.HikariPool$PoolEntryCreator.call(HikariPool.java:752)
	at com.zaxxer.hikari.pool.HikariPool$PoolEntryCreator.call(HikariPool.java:731)
	at java.base/java.util.concurrent.FutureTask.run(FutureTask.java:317)
	at java.base/java.util.concurrent.ThreadPoolExecutor.runWorker(ThreadPoolExecutor.java:1144)
	at java.base/java.util.concurrent.ThreadPoolExecutor$Worker.run(ThreadPoolExecutor.java:642)
	at java.base/java.lang.Thread.run(Thread.java:1583)
Caused by: java.net.SocketTimeoutException: Read timed out
	at java.base/sun.nio.ch.NioSocketImpl.timedRead(NioSocketImpl.java:278)
	at java.base/sun.nio.ch.NioSocketImpl.implRead(NioSocketImpl.java:304)
	at java.base/sun.nio.ch.NioSocketImpl.read(NioSocketImpl.java:346)
	at java.base/sun.nio.ch.NioSocketImpl$1.read(NioSocketImpl.java:796)
	at java.base/java.net.Socket$SocketInputStream.read(Socket.java:1099)
	at org.postgresql.core.VisibleBufferedInputStream.readMore(VisibleBufferedInputStream.java:192)
	at org.postgresql.core.VisibleBufferedInputStream.ensureBytes(VisibleBufferedInputStream.java:159)
	at org.postgresql.core.VisibleBufferedInputStream.ensureBytes(VisibleBufferedInputStream.java:144)
	at org.postgresql.core.VisibleBufferedInputStream.read(VisibleBufferedInputStream.java:76)
	at org.postgresql.core.PGStream.receiveChar(PGStream.java:477)
	at org.postgresql.core.v3.ConnectionFactoryImpl.enableSSL(ConnectionFactoryImpl.java:627)
	at org.postgresql.core.v3.ConnectionFactoryImpl.tryConnect(ConnectionFactoryImpl.java:207)
	at org.postgresql.core.v3.ConnectionFactoryImpl.openConnectionImpl(ConnectionFactoryImpl.java:289)
	... 14 common frames omitted
2026-05-24 06:51:31 [HikariPool-1:housekeeper] WARN  com.zaxxer.hikari.pool.HikariPool - HikariPool-1 - Thread starvation or clock leap detected (housekeeper delta=26m1s24ms).
2026-05-24 06:52:37 [HikariPool-1:connection-adder] WARN  com.zaxxer.hikari.pool.PoolBase - HikariPool-1 - Pool is empty, failed to create/setup connection (6d7504c9-60f5-4e94-80b9-18237d9617a6)
org.postgresql.util.PSQLException: The connection attempt failed.
	at org.postgresql.core.v3.ConnectionFactoryImpl.openConnectionImpl(ConnectionFactoryImpl.java:385)
	at org.postgresql.core.ConnectionFactory.openConnection(ConnectionFactory.java:57)
	at org.postgresql.jdbc.PgConnection.<init>(PgConnection.java:290)
	at org.postgresql.Driver.makeConnection(Driver.java:448)
	at org.postgresql.Driver.connect(Driver.java:298)
	at com.zaxxer.hikari.util.DriverDataSource.getConnection(DriverDataSource.java:144)
	at com.zaxxer.hikari.pool.PoolBase.newConnection(PoolBase.java:373)
	at com.zaxxer.hikari.pool.PoolBase.newPoolEntry(PoolBase.java:210)
	at com.zaxxer.hikari.pool.HikariPool.createPoolEntry(HikariPool.java:488)
	at com.zaxxer.hikari.pool.HikariPool$PoolEntryCreator.call(HikariPool.java:752)
	at com.zaxxer.hikari.pool.HikariPool$PoolEntryCreator.call(HikariPool.java:731)
	at java.base/java.util.concurrent.FutureTask.run(FutureTask.java:317)
	at java.base/java.util.concurrent.ThreadPoolExecutor.runWorker(ThreadPoolExecutor.java:1144)
	at java.base/java.util.concurrent.ThreadPoolExecutor$Worker.run(ThreadPoolExecutor.java:642)
	at java.base/java.lang.Thread.run(Thread.java:1583)
Caused by: java.net.SocketTimeoutException: Read timed out
	at java.base/sun.nio.ch.NioSocketImpl.timedRead(NioSocketImpl.java:278)
	at java.base/sun.nio.ch.NioSocketImpl.implRead(NioSocketImpl.java:304)
	at java.base/sun.nio.ch.NioSocketImpl.read(NioSocketImpl.java:346)
	at java.base/sun.nio.ch.NioSocketImpl$1.read(NioSocketImpl.java:796)
	at java.base/java.net.Socket$SocketInputStream.read(Socket.java:1099)
	at org.postgresql.core.VisibleBufferedInputStream.readMore(VisibleBufferedInputStream.java:192)
	at org.postgresql.core.VisibleBufferedInputStream.ensureBytes(VisibleBufferedInputStream.java:159)
	at org.postgresql.core.VisibleBufferedInputStream.ensureBytes(VisibleBufferedInputStream.java:144)
	at org.postgresql.core.VisibleBufferedInputStream.read(VisibleBufferedInputStream.java:76)
	at org.postgresql.core.PGStream.receiveChar(PGStream.java:477)
	at org.postgresql.core.v3.ConnectionFactoryImpl.enableSSL(ConnectionFactoryImpl.java:627)
	at org.postgresql.core.v3.ConnectionFactoryImpl.tryConnect(ConnectionFactoryImpl.java:207)
	at org.postgresql.core.v3.ConnectionFactoryImpl.openConnectionImpl(ConnectionFactoryImpl.java:289)
	... 14 common frames omitted
2026-05-24 06:53:40 [HikariPool-1:housekeeper] WARN  com.zaxxer.hikari.pool.HikariPool - HikariPool-1 - Thread starvation or clock leap detected (housekeeper delta=2m9s478ms).
2026-05-24 07:09:01 [HikariPool-1:connection-adder] WARN  com.zaxxer.hikari.pool.PoolBase - HikariPool-1 - Pool is empty, failed to create/setup connection (b77ea22d-1115-4e4a-89ef-6577d23c53c5)
org.postgresql.util.PSQLException: The connection attempt failed.
	at org.postgresql.core.v3.ConnectionFactoryImpl.openConnectionImpl(ConnectionFactoryImpl.java:385)
	at org.postgresql.core.ConnectionFactory.openConnection(ConnectionFactory.java:57)
	at org.postgresql.jdbc.PgConnection.<init>(PgConnection.java:290)
	at org.postgresql.Driver.makeConnection(Driver.java:448)
	at org.postgresql.Driver.connect(Driver.java:298)
	at com.zaxxer.hikari.util.DriverDataSource.getConnection(DriverDataSource.java:144)
	at com.zaxxer.hikari.pool.PoolBase.newConnection(PoolBase.java:373)
	at com.zaxxer.hikari.pool.PoolBase.newPoolEntry(PoolBase.java:210)
	at com.zaxxer.hikari.pool.HikariPool.createPoolEntry(HikariPool.java:488)
	at com.zaxxer.hikari.pool.HikariPool$PoolEntryCreator.call(HikariPool.java:752)
	at com.zaxxer.hikari.pool.HikariPool$PoolEntryCreator.call(HikariPool.java:731)
	at java.base/java.util.concurrent.FutureTask.run(FutureTask.java:317)
	at java.base/java.util.concurrent.ThreadPoolExecutor.runWorker(ThreadPoolExecutor.java:1144)
	at java.base/java.util.concurrent.ThreadPoolExecutor$Worker.run(ThreadPoolExecutor.java:642)
	at java.base/java.lang.Thread.run(Thread.java:1583)
Caused by: java.net.SocketTimeoutException: Read timed out
	at java.base/sun.nio.ch.NioSocketImpl.timedRead(NioSocketImpl.java:278)
	at java.base/sun.nio.ch.NioSocketImpl.implRead(NioSocketImpl.java:304)
	at java.base/sun.nio.ch.NioSocketImpl.read(NioSocketImpl.java:346)
	at java.base/sun.nio.ch.NioSocketImpl$1.read(NioSocketImpl.java:796)
	at java.base/java.net.Socket$SocketInputStream.read(Socket.java:1099)
	at org.postgresql.core.VisibleBufferedInputStream.readMore(VisibleBufferedInputStream.java:192)
	at org.postgresql.core.VisibleBufferedInputStream.ensureBytes(VisibleBufferedInputStream.java:159)
	at org.postgresql.core.VisibleBufferedInputStream.ensureBytes(VisibleBufferedInputStream.java:144)
	at org.postgresql.core.VisibleBufferedInputStream.read(VisibleBufferedInputStream.java:76)
	at org.postgresql.core.PGStream.receiveChar(PGStream.java:477)
	at org.postgresql.core.v3.ConnectionFactoryImpl.enableSSL(ConnectionFactoryImpl.java:627)
	at org.postgresql.core.v3.ConnectionFactoryImpl.tryConnect(ConnectionFactoryImpl.java:207)
	at org.postgresql.core.v3.ConnectionFactoryImpl.openConnectionImpl(ConnectionFactoryImpl.java:289)
	... 14 common frames omitted
2026-05-24 07:10:14 [HikariPool-1:housekeeper] WARN  com.zaxxer.hikari.pool.HikariPool - HikariPool-1 - Thread starvation or clock leap detected (housekeeper delta=16m33s352ms).
2026-05-24 07:10:45 [HikariPool-1:connection-adder] WARN  com.zaxxer.hikari.pool.PoolBase - HikariPool-1 - Pool is empty, failed to create/setup connection (90a1565a-d2cf-47f1-a8bc-92a43fe0ff94)
org.postgresql.util.PSQLException: The connection attempt failed.
	at org.postgresql.core.v3.ConnectionFactoryImpl.openConnectionImpl(ConnectionFactoryImpl.java:385)
	at org.postgresql.core.ConnectionFactory.openConnection(ConnectionFactory.java:57)
	at org.postgresql.jdbc.PgConnection.<init>(PgConnection.java:290)
	at org.postgresql.Driver.makeConnection(Driver.java:448)
	at org.postgresql.Driver.connect(Driver.java:298)
	at com.zaxxer.hikari.util.DriverDataSource.getConnection(DriverDataSource.java:144)
	at com.zaxxer.hikari.pool.PoolBase.newConnection(PoolBase.java:373)
	at com.zaxxer.hikari.pool.PoolBase.newPoolEntry(PoolBase.java:210)
	at com.zaxxer.hikari.pool.HikariPool.createPoolEntry(HikariPool.java:488)
	at com.zaxxer.hikari.pool.HikariPool$PoolEntryCreator.call(HikariPool.java:752)
	at com.zaxxer.hikari.pool.HikariPool$PoolEntryCreator.call(HikariPool.java:731)
	at java.base/java.util.concurrent.FutureTask.run(FutureTask.java:317)
	at java.base/java.util.concurrent.ThreadPoolExecutor.runWorker(ThreadPoolExecutor.java:1144)
	at java.base/java.util.concurrent.ThreadPoolExecutor$Worker.run(ThreadPoolExecutor.java:642)
	at java.base/java.lang.Thread.run(Thread.java:1583)
Caused by: java.net.SocketTimeoutException: Read timed out
	at java.base/sun.nio.ch.NioSocketImpl.timedRead(NioSocketImpl.java:278)
	at java.base/sun.nio.ch.NioSocketImpl.implRead(NioSocketImpl.java:304)
	at java.base/sun.nio.ch.NioSocketImpl.read(NioSocketImpl.java:346)
	at java.base/sun.nio.ch.NioSocketImpl$1.read(NioSocketImpl.java:796)
	at java.base/java.net.Socket$SocketInputStream.read(Socket.java:1099)
	at org.postgresql.core.VisibleBufferedInputStream.readMore(VisibleBufferedInputStream.java:192)
	at org.postgresql.core.VisibleBufferedInputStream.ensureBytes(VisibleBufferedInputStream.java:159)
	at org.postgresql.core.VisibleBufferedInputStream.ensureBytes(VisibleBufferedInputStream.java:144)
	at org.postgresql.core.VisibleBufferedInputStream.read(VisibleBufferedInputStream.java:76)
	at org.postgresql.core.PGStream.receiveChar(PGStream.java:477)
	at org.postgresql.core.v3.ConnectionFactoryImpl.enableSSL(ConnectionFactoryImpl.java:627)
	at org.postgresql.core.v3.ConnectionFactoryImpl.tryConnect(ConnectionFactoryImpl.java:207)
	at org.postgresql.core.v3.ConnectionFactoryImpl.openConnectionImpl(ConnectionFactoryImpl.java:289)
	... 14 common frames omitted
2026-05-24 07:26:22 [HikariPool-1:housekeeper] WARN  com.zaxxer.hikari.pool.HikariPool - HikariPool-1 - Thread starvation or clock leap detected (housekeeper delta=16m8s243ms).
2026-05-24 07:29:37 [HikariPool-1:housekeeper] WARN  com.zaxxer.hikari.pool.PoolBase - HikariPool-1 - Failed to validate connection org.postgresql.jdbc.PgConnection@1f8adef4 (This connection has been closed.). Possibly consider using a shorter maxLifetime value.
2026-05-24 07:29:39 [HikariPool-1:housekeeper] WARN  com.zaxxer.hikari.pool.PoolBase - HikariPool-1 - Failed to validate connection org.postgresql.jdbc.PgConnection@1d660c21 (This connection has been closed.). Possibly consider using a shorter maxLifetime value.
2026-05-24 07:29:40 [SpringApplicationShutdownHook] INFO  o.s.boot.tomcat.GracefulShutdown - Commencing graceful shutdown. Waiting for active requests to complete
2026-05-24 07:29:40 [tomcat-shutdown] INFO  o.s.boot.tomcat.GracefulShutdown - Graceful shutdown complete
2026-05-24 07:29:40 [SpringApplicationShutdownHook] INFO  o.s.o.j.LocalContainerEntityManagerFactoryBean - Closing JPA EntityManagerFactory for persistence unit 'default'
2026-05-24 07:29:40 [SpringApplicationShutdownHook] INFO  com.zaxxer.hikari.HikariDataSource - HikariPool-1 - Shutdown initiated...
2026-05-24 07:29:40 [SpringApplicationShutdownHook] INFO  com.zaxxer.hikari.HikariDataSource - HikariPool-1 - Shutdown completed.
2026-05-24 08:37:37 [restartedMain] INFO  c.n.nexxclinic.NexxclinicApplication - Starting NexxclinicApplication using Java 21.0.11 with PID 4508 (/Users/nex/workspace/nexxserve/nexxclinic/build/classes/java/main started by nex in /Users/nex/workspace/nexxserve/nexxclinic)
2026-05-24 08:37:37 [restartedMain] DEBUG c.n.nexxclinic.NexxclinicApplication - Running with Spring Boot v4.0.5, Spring v7.0.6
2026-05-24 08:37:37 [restartedMain] INFO  c.n.nexxclinic.NexxclinicApplication - No active profile set, falling back to 1 default profile: "default"
2026-05-24 08:37:37 [restartedMain] INFO  o.s.b.d.e.DevToolsPropertyDefaultsPostProcessor - Devtools property defaults active! Set 'spring.devtools.add-properties' to 'false' to disable
2026-05-24 08:37:37 [restartedMain] INFO  o.s.b.d.e.DevToolsPropertyDefaultsPostProcessor - For additional web related logging consider setting the 'logging.level.web' property to 'DEBUG'
2026-05-24 08:37:38 [restartedMain] INFO  o.s.d.r.c.RepositoryConfigurationDelegate - Bootstrapping Spring Data JPA repositories in DEFAULT mode.
2026-05-24 08:37:38 [restartedMain] INFO  o.s.d.r.c.RepositoryConfigurationDelegate - Finished Spring Data repository scanning in 104 ms. Found 28 JPA repository interfaces.
2026-05-24 08:37:38 [restartedMain] INFO  o.s.boot.tomcat.TomcatWebServer - Tomcat initialized with port 8080 (http)
2026-05-24 08:37:38 [restartedMain] INFO  o.a.catalina.core.StandardService - Starting service [Tomcat]
2026-05-24 08:37:38 [restartedMain] INFO  o.a.catalina.core.StandardEngine - Starting Servlet engine: [Apache Tomcat/11.0.20]
2026-05-24 08:37:38 [restartedMain] INFO  o.s.b.w.c.s.WebApplicationContextInitializer - Root WebApplicationContext: initialization completed in 1086 ms
2026-05-24 08:37:38 [restartedMain] INFO  org.hibernate.orm.jpa - HHH008540: Processing PersistenceUnitInfo [name: default]
2026-05-24 08:37:38 [restartedMain] INFO  org.hibernate.orm.core - HHH000001: Hibernate ORM core version 7.2.7.Final
2026-05-24 08:37:39 [restartedMain] INFO  o.s.o.j.p.SpringPersistenceUnitInfo - No LoadTimeWeaver setup: ignoring JPA class transformer
2026-05-24 08:37:39 [restartedMain] INFO  com.zaxxer.hikari.HikariDataSource - HikariPool-1 - Starting...
2026-05-24 08:37:39 [restartedMain] INFO  com.zaxxer.hikari.pool.HikariPool - HikariPool-1 - Added connection org.postgresql.jdbc.PgConnection@44698bb4
2026-05-24 08:37:39 [restartedMain] INFO  com.zaxxer.hikari.HikariDataSource - HikariPool-1 - Start completed.
2026-05-24 08:37:39 [restartedMain] INFO  o.hibernate.orm.connections.pooling - HHH10001005: Database info:
	Database JDBC URL [jdbc:postgresql://localhost:5432/nexxclinic]
	Database driver: PostgreSQL JDBC Driver
	Database dialect: PostgreSQLDialect
	Database version: 17.9
	Default catalog/schema: nexxclinic/public
	Autocommit mode: undefined/unknown
	Isolation level: READ_COMMITTED [default READ_COMMITTED]
	JDBC fetch size: none
	Pool: DataSourceConnectionProvider
	Minimum pool size: undefined/unknown
	Maximum pool size: undefined/unknown
2026-05-24 08:37:40 [restartedMain] INFO  org.hibernate.orm.core - HHH000489: No JTA platform available (set 'hibernate.transaction.jta.platform' to enable JTA platform integration)
2026-05-24 08:37:40 [restartedMain] INFO  o.s.o.j.LocalContainerEntityManagerFactoryBean - Initialized JPA EntityManagerFactory for persistence unit 'default'
2026-05-24 08:37:40 [restartedMain] INFO  c.n.nexxclinic.auth.JwtService - JwtService initialized with expiration: 120 minutes
2026-05-24 08:37:40 [restartedMain] INFO  o.s.d.j.r.q.QueryEnhancerFactories - Hibernate is in classpath; If applicable, HQL parser will be used.
2026-05-24 08:37:41 [restartedMain] WARN  o.s.b.s.a.UserDetailsServiceAutoConfiguration - 

Using generated security password: 7622146a-66a8-416f-8964-0b3f7da3aa3b

This generated password is for development use only. Your security configuration must be updated before running your application in production.

2026-05-24 08:37:41 [restartedMain] INFO  o.s.s.c.a.a.c.InitializeUserDetailsBeanManagerConfigurer$InitializeUserDetailsManagerConfigurer - Global AuthenticationManager configured with UserDetailsService bean with name inMemoryUserDetailsManager
2026-05-24 08:37:41 [restartedMain] INFO  c.n.n.config.WebSecurityConfig - Configuring security filter chain
2026-05-24 08:37:41 [restartedMain] INFO  o.s.g.e.DefaultSchemaResourceGraphQlSourceBuilder - Loaded 3 resource(s) in the GraphQL schema.
2026-05-24 08:37:41 [restartedMain] INFO  o.s.b.g.a.GraphQlAutoConfiguration - GraphQL schema inspection:
	Unmapped fields: {Mutation=[completeVisitDepartment, generateConsultationPdf]}
	Unmapped registrations: {}
	Unmapped arguments: {}
	Field nullness errors: {}
	Argument nullness errors: {}
	Skipped types: [Worker, Worker, AuditLog, InsuranceProvider, InsuranceProvider, PaginationInfo, Patient, Patient, PaginationInfo, PatientInsurance, PaginationInfo, Product, Product, PaginationInfo, ProductInsuranceCoverage, Department, Department, PaginationInfo, Visit, Visit, PaginationInfo, VisitBilling, VisitBilling, Invoice, Form, Form, FormVersion, FormVersion, ConsultationAnswers, AuthTokens, PatientInsurance, VisitDepartment]
2026-05-24 08:37:41 [restartedMain] INFO  o.s.b.g.a.s.GraphQlWebMvcAutoConfiguration - GraphQL endpoint HTTP POST /graphql
2026-05-24 08:37:41 [restartedMain] INFO  o.s.b.a.e.web.EndpointLinksResolver - Exposing 1 endpoint beneath base path '/actuator'
2026-05-24 08:37:42 [restartedMain] INFO  o.s.boot.tomcat.TomcatWebServer - Tomcat started on port 8080 (http) with context path '/'
2026-05-24 08:37:42 [restartedMain] INFO  c.n.nexxclinic.NexxclinicApplication - Started NexxclinicApplication in 4.66 seconds (process running for 4.894)
2026-05-24 08:38:00 [http-nio-8080-exec-2] INFO  o.a.c.c.C.[Tomcat].[localhost].[/] - Initializing Spring DispatcherServlet 'dispatcherServlet'
2026-05-24 08:38:00 [http-nio-8080-exec-2] INFO  o.s.web.servlet.DispatcherServlet - Initializing Servlet 'dispatcherServlet'
2026-05-24 08:38:00 [http-nio-8080-exec-2] INFO  o.s.web.servlet.DispatcherServlet - Completed initialization in 1 ms
2026-05-24 08:38:00 [http-nio-8080-exec-3] ERROR c.n.nexxclinic.auth.JwtService - Failed to parse access token: JWT expired 53325691 milliseconds ago at 2026-05-23T15:49:15.000Z. Current time: 2026-05-24T06:38:00.691Z. Allowed clock skew: 0 milliseconds.
2026-05-24 08:38:00 [http-nio-8080-exec-4] ERROR c.n.nexxclinic.auth.JwtService - Failed to parse access token: JWT expired 53325691 milliseconds ago at 2026-05-23T15:49:15.000Z. Current time: 2026-05-24T06:38:00.691Z. Allowed clock skew: 0 milliseconds.
2026-05-24 08:38:00 [http-nio-8080-exec-3] DEBUG c.n.n.config.GraphQlAuthInterceptor - Failed to parse access token: Invalid token
2026-05-24 08:38:00 [http-nio-8080-exec-4] DEBUG c.n.n.config.GraphQlAuthInterceptor - Failed to parse access token: Invalid token
2026-05-24 08:38:00 [http-nio-8080-exec-3] DEBUG c.n.n.config.GraphQlAuthInterceptor - No authentication token found in request
2026-05-24 08:38:00 [http-nio-8080-exec-4] DEBUG c.n.n.config.GraphQlAuthInterceptor - No authentication token found in request
2026-05-24 08:38:00 [http-nio-8080-exec-3] WARN  c.n.n.security.HasRoleAspect - Access denied: Authentication is required for method: visits
2026-05-24 08:39:43 [http-nio-8080-exec-8] DEBUG c.n.n.config.GraphQlAuthInterceptor - No authentication token found in request
2026-05-24 08:39:43 [http-nio-8080-exec-8] INFO  c.n.nexxclinic.service.WorkerService - Login attempt for identifier: admin@email.com
2026-05-24 08:39:44 [http-nio-8080-exec-8] INFO  c.n.nexxclinic.auth.JwtService - Generated access token for user: admin@email.com (ID: 7b1dbb67-4710-43e3-be68-bb61f2acca73) with roles: [ADMIN]
2026-05-24 08:39:44 [http-nio-8080-exec-8] INFO  c.n.nexxclinic.service.WorkerService - User successfully logged in: null (ID: 7b1dbb67-4710-43e3-be68-bb61f2acca73) with roles: [ADMIN]
2026-05-24 08:39:44 [http-nio-8080-exec-9] DEBUG c.n.nexxclinic.auth.JwtService - Successfully parsed token for principal: admin@email.com with roles: [ADMIN]
2026-05-24 08:39:44 [http-nio-8080-exec-10] DEBUG c.n.nexxclinic.auth.JwtService - Successfully parsed token for principal: admin@email.com with roles: [ADMIN]
2026-05-24 08:39:44 [http-nio-8080-exec-9] DEBUG c.n.n.config.GraphQlAuthInterceptor - Token parsed successfully for user: admin@email.com
2026-05-24 08:39:44 [http-nio-8080-exec-9] DEBUG c.n.nexxclinic.auth.JwtService - Converting token info to authenticated user: admin@email.com
2026-05-24 08:39:44 [http-nio-8080-exec-9] DEBUG c.n.n.config.GraphQlAuthInterceptor - User authenticated: admin@email.com with roles: [ADMIN]
2026-05-24 08:39:44 [http-nio-8080-exec-10] DEBUG c.n.n.config.GraphQlAuthInterceptor - Token parsed successfully for user: admin@email.com
2026-05-24 08:39:44 [http-nio-8080-exec-9] DEBUG c.n.n.security.HasRoleAspect - Access granted: User admin@email.com called method visits with roles: [ADMIN]
2026-05-24 08:39:44 [http-nio-8080-exec-10] DEBUG c.n.nexxclinic.auth.JwtService - Converting token info to authenticated user: admin@email.com
2026-05-24 08:39:44 [http-nio-8080-exec-10] DEBUG c.n.n.config.GraphQlAuthInterceptor - User authenticated: admin@email.com with roles: [ADMIN]
2026-05-24 08:39:51 [http-nio-8080-exec-3] DEBUG c.n.nexxclinic.auth.JwtService - Successfully parsed token for principal: admin@email.com with roles: [ADMIN]
2026-05-24 08:39:51 [http-nio-8080-exec-5] DEBUG c.n.nexxclinic.auth.JwtService - Successfully parsed token for principal: admin@email.com with roles: [ADMIN]
2026-05-24 08:39:51 [http-nio-8080-exec-6] DEBUG c.n.nexxclinic.auth.JwtService - Successfully parsed token for principal: admin@email.com with roles: [ADMIN]
2026-05-24 08:39:51 [http-nio-8080-exec-5] DEBUG c.n.n.config.GraphQlAuthInterceptor - Token parsed successfully for user: admin@email.com
2026-05-24 08:39:51 [http-nio-8080-exec-5] DEBUG c.n.nexxclinic.auth.JwtService - Converting token info to authenticated user: admin@email.com
2026-05-24 08:39:51 [http-nio-8080-exec-5] DEBUG c.n.n.config.GraphQlAuthInterceptor - User authenticated: admin@email.com with roles: [ADMIN]
2026-05-24 08:39:51 [http-nio-8080-exec-3] DEBUG c.n.n.config.GraphQlAuthInterceptor - Token parsed successfully for user: admin@email.com
2026-05-24 08:39:51 [http-nio-8080-exec-3] DEBUG c.n.nexxclinic.auth.JwtService - Converting token info to authenticated user: admin@email.com
2026-05-24 08:39:51 [http-nio-8080-exec-3] DEBUG c.n.n.config.GraphQlAuthInterceptor - User authenticated: admin@email.com with roles: [ADMIN]
2026-05-24 08:39:51 [http-nio-8080-exec-6] DEBUG c.n.n.config.GraphQlAuthInterceptor - Token parsed successfully for user: admin@email.com
2026-05-24 08:39:51 [http-nio-8080-exec-6] DEBUG c.n.nexxclinic.auth.JwtService - Converting token info to authenticated user: admin@email.com
2026-05-24 08:39:51 [http-nio-8080-exec-6] DEBUG c.n.n.config.GraphQlAuthInterceptor - User authenticated: admin@email.com with roles: [ADMIN]
2026-05-24 08:39:51 [http-nio-8080-exec-3] DEBUG c.n.n.security.HasRoleAspect - Access granted: User admin@email.com called method products with roles: [ADMIN]
2026-05-24 08:39:51 [http-nio-8080-exec-5] DEBUG c.n.n.security.HasRoleAspect - Access granted: User admin@email.com called method insuranceProviders with roles: [ADMIN]
2026-05-24 08:39:51 [http-nio-8080-exec-6] DEBUG c.n.n.security.HasRoleAspect - Access granted: User admin@email.com called method departments with roles: [ADMIN]
2026-05-24 08:39:57 [http-nio-8080-exec-10] DEBUG c.n.nexxclinic.auth.JwtService - Successfully parsed token for principal: admin@email.com with roles: [ADMIN]
2026-05-24 08:39:57 [http-nio-8080-exec-9] DEBUG c.n.nexxclinic.auth.JwtService - Successfully parsed token for principal: admin@email.com with roles: [ADMIN]
2026-05-24 08:39:57 [http-nio-8080-exec-9] DEBUG c.n.n.config.GraphQlAuthInterceptor - Token parsed successfully for user: admin@email.com
2026-05-24 08:39:57 [http-nio-8080-exec-10] DEBUG c.n.n.config.GraphQlAuthInterceptor - Token parsed successfully for user: admin@email.com
2026-05-24 08:39:57 [http-nio-8080-exec-9] DEBUG c.n.nexxclinic.auth.JwtService - Converting token info to authenticated user: admin@email.com
2026-05-24 08:39:57 [http-nio-8080-exec-10] DEBUG c.n.nexxclinic.auth.JwtService - Converting token info to authenticated user: admin@email.com
2026-05-24 08:39:57 [http-nio-8080-exec-9] DEBUG c.n.n.config.GraphQlAuthInterceptor - User authenticated: admin@email.com with roles: [ADMIN]
2026-05-24 08:39:57 [http-nio-8080-exec-10] DEBUG c.n.n.config.GraphQlAuthInterceptor - User authenticated: admin@email.com with roles: [ADMIN]
2026-05-24 08:39:57 [http-nio-8080-exec-10] DEBUG c.n.n.security.HasRoleAspect - Access granted: User admin@email.com called method departments with roles: [ADMIN]
2026-05-24 08:39:57 [http-nio-8080-exec-9] DEBUG c.n.n.security.HasRoleAspect - Access granted: User admin@email.com called method getForms with roles: [ADMIN]
2026-05-24 08:40:00 [http-nio-8080-exec-1] DEBUG c.n.nexxclinic.auth.JwtService - Successfully parsed token for principal: admin@email.com with roles: [ADMIN]
2026-05-24 08:40:00 [http-nio-8080-exec-2] DEBUG c.n.nexxclinic.auth.JwtService - Successfully parsed token for principal: admin@email.com with roles: [ADMIN]
2026-05-24 08:40:00 [http-nio-8080-exec-2] DEBUG c.n.n.config.GraphQlAuthInterceptor - Token parsed successfully for user: admin@email.com
2026-05-24 08:40:00 [http-nio-8080-exec-1] DEBUG c.n.n.config.GraphQlAuthInterceptor - Token parsed successfully for user: admin@email.com
2026-05-24 08:40:00 [http-nio-8080-exec-2] DEBUG c.n.nexxclinic.auth.JwtService - Converting token info to authenticated user: admin@email.com
2026-05-24 08:40:00 [http-nio-8080-exec-1] DEBUG c.n.nexxclinic.auth.JwtService - Converting token info to authenticated user: admin@email.com
2026-05-24 08:40:00 [http-nio-8080-exec-2] DEBUG c.n.n.config.GraphQlAuthInterceptor - User authenticated: admin@email.com with roles: [ADMIN]
2026-05-24 08:40:00 [http-nio-8080-exec-1] DEBUG c.n.n.config.GraphQlAuthInterceptor - User authenticated: admin@email.com with roles: [ADMIN]
2026-05-24 08:40:00 [http-nio-8080-exec-2] DEBUG c.n.n.security.HasRoleAspect - Access granted: User admin@email.com called method getForms with roles: [ADMIN]
2026-05-24 08:40:00 [http-nio-8080-exec-1] DEBUG c.n.n.security.HasRoleAspect - Access granted: User admin@email.com called method departments with roles: [ADMIN]
2026-05-24 08:40:00 [http-nio-8080-exec-4] DEBUG c.n.nexxclinic.auth.JwtService - Successfully parsed token for principal: admin@email.com with roles: [ADMIN]
2026-05-24 08:40:00 [http-nio-8080-exec-4] DEBUG c.n.n.config.GraphQlAuthInterceptor - Token parsed successfully for user: admin@email.com
2026-05-24 08:40:00 [http-nio-8080-exec-4] DEBUG c.n.nexxclinic.auth.JwtService - Converting token info to authenticated user: admin@email.com
2026-05-24 08:40:00 [http-nio-8080-exec-4] DEBUG c.n.n.config.GraphQlAuthInterceptor - User authenticated: admin@email.com with roles: [ADMIN]
2026-05-24 08:40:00 [http-nio-8080-exec-4] DEBUG c.n.n.security.HasRoleAspect - Access granted: User admin@email.com called method getForm with roles: [ADMIN]
2026-05-24 08:40:00 [http-nio-8080-exec-5] DEBUG c.n.nexxclinic.auth.JwtService - Successfully parsed token for principal: admin@email.com with roles: [ADMIN]
2026-05-24 08:40:00 [http-nio-8080-exec-5] DEBUG c.n.n.config.GraphQlAuthInterceptor - Token parsed successfully for user: admin@email.com
2026-05-24 08:40:00 [http-nio-8080-exec-5] DEBUG c.n.nexxclinic.auth.JwtService - Converting token info to authenticated user: admin@email.com
2026-05-24 08:40:00 [http-nio-8080-exec-5] DEBUG c.n.n.config.GraphQlAuthInterceptor - User authenticated: admin@email.com with roles: [ADMIN]
2026-05-24 08:40:00 [http-nio-8080-exec-5] DEBUG c.n.n.security.HasRoleAspect - Access granted: User admin@email.com called method getFormVersionHistory with roles: [ADMIN]
2026-05-24 08:43:45 [http-nio-8080-exec-9] DEBUG c.n.nexxclinic.auth.JwtService - Successfully parsed token for principal: admin@email.com with roles: [ADMIN]
2026-05-24 08:43:45 [http-nio-8080-exec-9] DEBUG c.n.n.config.GraphQlAuthInterceptor - Token parsed successfully for user: admin@email.com
2026-05-24 08:43:45 [http-nio-8080-exec-9] DEBUG c.n.nexxclinic.auth.JwtService - Converting token info to authenticated user: admin@email.com
2026-05-24 08:43:45 [http-nio-8080-exec-9] DEBUG c.n.n.config.GraphQlAuthInterceptor - User authenticated: admin@email.com with roles: [ADMIN]
2026-05-24 08:44:00 [http-nio-8080-exec-5] DEBUG c.n.nexxclinic.auth.JwtService - Successfully parsed token for principal: admin@email.com with roles: [ADMIN]
2026-05-24 08:44:00 [http-nio-8080-exec-4] DEBUG c.n.nexxclinic.auth.JwtService - Successfully parsed token for principal: admin@email.com with roles: [ADMIN]
2026-05-24 08:44:00 [http-nio-8080-exec-4] DEBUG c.n.n.config.GraphQlAuthInterceptor - Token parsed successfully for user: admin@email.com
2026-05-24 08:44:00 [http-nio-8080-exec-4] DEBUG c.n.nexxclinic.auth.JwtService - Converting token info to authenticated user: admin@email.com
2026-05-24 08:44:00 [http-nio-8080-exec-4] DEBUG c.n.n.config.GraphQlAuthInterceptor - User authenticated: admin@email.com with roles: [ADMIN]
2026-05-24 08:44:00 [http-nio-8080-exec-5] DEBUG c.n.n.config.GraphQlAuthInterceptor - Token parsed successfully for user: admin@email.com
2026-05-24 08:44:00 [http-nio-8080-exec-5] DEBUG c.n.nexxclinic.auth.JwtService - Converting token info to authenticated user: admin@email.com
2026-05-24 08:44:00 [http-nio-8080-exec-5] DEBUG c.n.n.config.GraphQlAuthInterceptor - User authenticated: admin@email.com with roles: [ADMIN]
2026-05-24 08:44:00 [http-nio-8080-exec-4] DEBUG c.n.n.security.HasRoleAspect - Access granted: User admin@email.com called method departments with roles: [ADMIN]
2026-05-24 08:44:00 [http-nio-8080-exec-5] DEBUG c.n.n.security.HasRoleAspect - Access granted: User admin@email.com called method getForms with roles: [ADMIN]
2026-05-24 08:44:00 [http-nio-8080-exec-6] DEBUG c.n.nexxclinic.auth.JwtService - Successfully parsed token for principal: admin@email.com with roles: [ADMIN]
2026-05-24 08:44:00 [http-nio-8080-exec-6] DEBUG c.n.n.config.GraphQlAuthInterceptor - Token parsed successfully for user: admin@email.com
2026-05-24 08:44:00 [http-nio-8080-exec-6] DEBUG c.n.nexxclinic.auth.JwtService - Converting token info to authenticated user: admin@email.com
2026-05-24 08:44:00 [http-nio-8080-exec-6] DEBUG c.n.n.config.GraphQlAuthInterceptor - User authenticated: admin@email.com with roles: [ADMIN]
2026-05-24 08:44:00 [http-nio-8080-exec-6] DEBUG c.n.n.security.HasRoleAspect - Access granted: User admin@email.com called method getForm with roles: [ADMIN]
2026-05-24 08:44:00 [http-nio-8080-exec-3] DEBUG c.n.nexxclinic.auth.JwtService - Successfully parsed token for principal: admin@email.com with roles: [ADMIN]
2026-05-24 08:44:00 [http-nio-8080-exec-3] DEBUG c.n.n.config.GraphQlAuthInterceptor - Token parsed successfully for user: admin@email.com
2026-05-24 08:44:00 [http-nio-8080-exec-3] DEBUG c.n.nexxclinic.auth.JwtService - Converting token info to authenticated user: admin@email.com
2026-05-24 08:44:00 [http-nio-8080-exec-3] DEBUG c.n.n.config.GraphQlAuthInterceptor - User authenticated: admin@email.com with roles: [ADMIN]
2026-05-24 08:44:00 [http-nio-8080-exec-3] DEBUG c.n.n.security.HasRoleAspect - Access granted: User admin@email.com called method getFormVersionHistory with roles: [ADMIN]
2026-05-24 08:45:41 [http-nio-8080-exec-2] DEBUG c.n.nexxclinic.auth.JwtService - Successfully parsed token for principal: admin@email.com with roles: [ADMIN]
2026-05-24 08:45:41 [http-nio-8080-exec-1] DEBUG c.n.nexxclinic.auth.JwtService - Successfully parsed token for principal: admin@email.com with roles: [ADMIN]
2026-05-24 08:45:41 [http-nio-8080-exec-2] DEBUG c.n.n.config.GraphQlAuthInterceptor - Token parsed successfully for user: admin@email.com
2026-05-24 08:45:41 [http-nio-8080-exec-2] DEBUG c.n.nexxclinic.auth.JwtService - Converting token info to authenticated user: admin@email.com
2026-05-24 08:45:41 [http-nio-8080-exec-2] DEBUG c.n.n.config.GraphQlAuthInterceptor - User authenticated: admin@email.com with roles: [ADMIN]
2026-05-24 08:45:41 [http-nio-8080-exec-1] DEBUG c.n.n.config.GraphQlAuthInterceptor - Token parsed successfully for user: admin@email.com
2026-05-24 08:45:41 [http-nio-8080-exec-1] DEBUG c.n.nexxclinic.auth.JwtService - Converting token info to authenticated user: admin@email.com
2026-05-24 08:45:41 [http-nio-8080-exec-1] DEBUG c.n.n.config.GraphQlAuthInterceptor - User authenticated: admin@email.com with roles: [ADMIN]
2026-05-24 08:45:41 [http-nio-8080-exec-2] DEBUG c.n.n.security.HasRoleAspect - Access granted: User admin@email.com called method departments with roles: [ADMIN]
2026-05-24 08:45:41 [http-nio-8080-exec-1] DEBUG c.n.n.security.HasRoleAspect - Access granted: User admin@email.com called method getForms with roles: [ADMIN]
2026-05-24 08:45:41 [http-nio-8080-exec-5] DEBUG c.n.nexxclinic.auth.JwtService - Successfully parsed token for principal: admin@email.com with roles: [ADMIN]
2026-05-24 08:45:41 [http-nio-8080-exec-5] DEBUG c.n.n.config.GraphQlAuthInterceptor - Token parsed successfully for user: admin@email.com
2026-05-24 08:45:41 [http-nio-8080-exec-5] DEBUG c.n.nexxclinic.auth.JwtService - Converting token info to authenticated user: admin@email.com
2026-05-24 08:45:41 [http-nio-8080-exec-5] DEBUG c.n.n.config.GraphQlAuthInterceptor - User authenticated: admin@email.com with roles: [ADMIN]
2026-05-24 08:45:41 [http-nio-8080-exec-5] DEBUG c.n.n.security.HasRoleAspect - Access granted: User admin@email.com called method getForm with roles: [ADMIN]
2026-05-24 08:45:42 [http-nio-8080-exec-4] DEBUG c.n.nexxclinic.auth.JwtService - Successfully parsed token for principal: admin@email.com with roles: [ADMIN]
2026-05-24 08:45:42 [http-nio-8080-exec-4] DEBUG c.n.n.config.GraphQlAuthInterceptor - Token parsed successfully for user: admin@email.com
2026-05-24 08:45:42 [http-nio-8080-exec-4] DEBUG c.n.nexxclinic.auth.JwtService - Converting token info to authenticated user: admin@email.com
2026-05-24 08:45:42 [http-nio-8080-exec-4] DEBUG c.n.n.config.GraphQlAuthInterceptor - User authenticated: admin@email.com with roles: [ADMIN]
2026-05-24 08:45:42 [http-nio-8080-exec-4] DEBUG c.n.n.security.HasRoleAspect - Access granted: User admin@email.com called method getFormVersionHistory with roles: [ADMIN]
2026-05-24 08:46:53 [http-nio-8080-exec-1] DEBUG c.n.nexxclinic.auth.JwtService - Successfully parsed token for principal: admin@email.com with roles: [ADMIN]
2026-05-24 08:46:53 [http-nio-8080-exec-9] DEBUG c.n.nexxclinic.auth.JwtService - Successfully parsed token for principal: admin@email.com with roles: [ADMIN]
2026-05-24 08:46:53 [http-nio-8080-exec-1] DEBUG c.n.n.config.GraphQlAuthInterceptor - Token parsed successfully for user: admin@email.com
2026-05-24 08:46:53 [http-nio-8080-exec-9] DEBUG c.n.n.config.GraphQlAuthInterceptor - Token parsed successfully for user: admin@email.com
2026-05-24 08:46:53 [http-nio-8080-exec-1] DEBUG c.n.nexxclinic.auth.JwtService - Converting token info to authenticated user: admin@email.com
2026-05-24 08:46:53 [http-nio-8080-exec-9] DEBUG c.n.nexxclinic.auth.JwtService - Converting token info to authenticated user: admin@email.com
2026-05-24 08:46:53 [http-nio-8080-exec-1] DEBUG c.n.n.config.GraphQlAuthInterceptor - User authenticated: admin@email.com with roles: [ADMIN]
2026-05-24 08:46:53 [http-nio-8080-exec-9] DEBUG c.n.n.config.GraphQlAuthInterceptor - User authenticated: admin@email.com with roles: [ADMIN]
2026-05-24 08:46:53 [http-nio-8080-exec-1] DEBUG c.n.n.security.HasRoleAspect - Access granted: User admin@email.com called method getForms with roles: [ADMIN]
2026-05-24 08:46:53 [http-nio-8080-exec-9] DEBUG c.n.n.security.HasRoleAspect - Access granted: User admin@email.com called method departments with roles: [ADMIN]
2026-05-24 08:46:53 [http-nio-8080-exec-2] DEBUG c.n.nexxclinic.auth.JwtService - Successfully parsed token for principal: admin@email.com with roles: [ADMIN]
2026-05-24 08:46:53 [http-nio-8080-exec-2] DEBUG c.n.n.config.GraphQlAuthInterceptor - Token parsed successfully for user: admin@email.com
2026-05-24 08:46:53 [http-nio-8080-exec-2] DEBUG c.n.nexxclinic.auth.JwtService - Converting token info to authenticated user: admin@email.com
2026-05-24 08:46:53 [http-nio-8080-exec-2] DEBUG c.n.n.config.GraphQlAuthInterceptor - User authenticated: admin@email.com with roles: [ADMIN]
2026-05-24 08:46:53 [http-nio-8080-exec-2] DEBUG c.n.n.security.HasRoleAspect - Access granted: User admin@email.com called method getForm with roles: [ADMIN]
2026-05-24 08:46:53 [http-nio-8080-exec-5] DEBUG c.n.nexxclinic.auth.JwtService - Successfully parsed token for principal: admin@email.com with roles: [ADMIN]
2026-05-24 08:46:53 [http-nio-8080-exec-5] DEBUG c.n.n.config.GraphQlAuthInterceptor - Token parsed successfully for user: admin@email.com
2026-05-24 08:46:53 [http-nio-8080-exec-5] DEBUG c.n.nexxclinic.auth.JwtService - Converting token info to authenticated user: admin@email.com
2026-05-24 08:46:53 [http-nio-8080-exec-5] DEBUG c.n.n.config.GraphQlAuthInterceptor - User authenticated: admin@email.com with roles: [ADMIN]
2026-05-24 08:46:53 [http-nio-8080-exec-5] DEBUG c.n.n.security.HasRoleAspect - Access granted: User admin@email.com called method getFormVersionHistory with roles: [ADMIN]
2026-05-24 08:48:11 [http-nio-8080-exec-7] DEBUG c.n.nexxclinic.auth.JwtService - Successfully parsed token for principal: admin@email.com with roles: [ADMIN]
2026-05-24 08:48:11 [http-nio-8080-exec-7] DEBUG c.n.n.config.GraphQlAuthInterceptor - Token parsed successfully for user: admin@email.com
2026-05-24 08:48:11 [http-nio-8080-exec-7] DEBUG c.n.nexxclinic.auth.JwtService - Converting token info to authenticated user: admin@email.com
2026-05-24 08:48:11 [http-nio-8080-exec-7] DEBUG c.n.n.config.GraphQlAuthInterceptor - User authenticated: admin@email.com with roles: [ADMIN]
2026-05-24 08:48:11 [http-nio-8080-exec-7] DEBUG c.n.n.security.HasRoleAspect - Access granted: User admin@email.com called method products with roles: [ADMIN]
2026-05-24 08:48:11 [http-nio-8080-exec-8] DEBUG c.n.nexxclinic.auth.JwtService - Successfully parsed token for principal: admin@email.com with roles: [ADMIN]
2026-05-24 08:48:11 [http-nio-8080-exec-8] DEBUG c.n.n.config.GraphQlAuthInterceptor - Token parsed successfully for user: admin@email.com
2026-05-24 08:48:11 [http-nio-8080-exec-8] DEBUG c.n.nexxclinic.auth.JwtService - Converting token info to authenticated user: admin@email.com
2026-05-24 08:48:11 [http-nio-8080-exec-8] DEBUG c.n.n.config.GraphQlAuthInterceptor - User authenticated: admin@email.com with roles: [ADMIN]
2026-05-24 08:48:11 [http-nio-8080-exec-8] DEBUG c.n.n.security.HasRoleAspect - Access granted: User admin@email.com called method products with roles: [ADMIN]
2026-05-24 08:48:14 [http-nio-8080-exec-10] DEBUG c.n.nexxclinic.auth.JwtService - Successfully parsed token for principal: admin@email.com with roles: [ADMIN]
2026-05-24 08:48:14 [http-nio-8080-exec-10] DEBUG c.n.n.config.GraphQlAuthInterceptor - Token parsed successfully for user: admin@email.com
2026-05-24 08:48:14 [http-nio-8080-exec-10] DEBUG c.n.nexxclinic.auth.JwtService - Converting token info to authenticated user: admin@email.com
2026-05-24 08:48:14 [http-nio-8080-exec-10] DEBUG c.n.n.config.GraphQlAuthInterceptor - User authenticated: admin@email.com with roles: [ADMIN]
2026-05-24 08:48:14 [http-nio-8080-exec-10] DEBUG c.n.n.security.HasRoleAspect - Access granted: User admin@email.com called method products with roles: [ADMIN]
2026-05-24 09:24:23 [http-nio-8080-exec-6] DEBUG c.n.nexxclinic.auth.JwtService - Successfully parsed token for principal: admin@email.com with roles: [ADMIN]
2026-05-24 09:24:23 [http-nio-8080-exec-4] DEBUG c.n.nexxclinic.auth.JwtService - Successfully parsed token for principal: admin@email.com with roles: [ADMIN]
2026-05-24 09:24:23 [http-nio-8080-exec-4] DEBUG c.n.n.config.GraphQlAuthInterceptor - Token parsed successfully for user: admin@email.com
2026-05-24 09:24:23 [http-nio-8080-exec-6] DEBUG c.n.n.config.GraphQlAuthInterceptor - Token parsed successfully for user: admin@email.com
2026-05-24 09:24:23 [http-nio-8080-exec-4] DEBUG c.n.nexxclinic.auth.JwtService - Converting token info to authenticated user: admin@email.com
2026-05-24 09:24:23 [http-nio-8080-exec-4] DEBUG c.n.n.config.GraphQlAuthInterceptor - User authenticated: admin@email.com with roles: [ADMIN]
2026-05-24 09:24:23 [http-nio-8080-exec-6] DEBUG c.n.nexxclinic.auth.JwtService - Converting token info to authenticated user: admin@email.com
2026-05-24 09:24:23 [http-nio-8080-exec-6] DEBUG c.n.n.config.GraphQlAuthInterceptor - User authenticated: admin@email.com with roles: [ADMIN]
2026-05-24 09:24:23 [http-nio-8080-exec-6] DEBUG c.n.n.security.HasRoleAspect - Access granted: User admin@email.com called method getForms with roles: [ADMIN]
2026-05-24 09:24:23 [http-nio-8080-exec-4] DEBUG c.n.n.security.HasRoleAspect - Access granted: User admin@email.com called method departments with roles: [ADMIN]
2026-05-24 09:24:23 [http-nio-8080-exec-3] DEBUG c.n.nexxclinic.auth.JwtService - Successfully parsed token for principal: admin@email.com with roles: [ADMIN]
2026-05-24 09:24:23 [http-nio-8080-exec-3] DEBUG c.n.n.config.GraphQlAuthInterceptor - Token parsed successfully for user: admin@email.com
2026-05-24 09:24:23 [http-nio-8080-exec-3] DEBUG c.n.nexxclinic.auth.JwtService - Converting token info to authenticated user: admin@email.com
2026-05-24 09:24:23 [http-nio-8080-exec-3] DEBUG c.n.n.config.GraphQlAuthInterceptor - User authenticated: admin@email.com with roles: [ADMIN]
2026-05-24 09:24:23 [http-nio-8080-exec-3] DEBUG c.n.n.security.HasRoleAspect - Access granted: User admin@email.com called method getForm with roles: [ADMIN]
2026-05-24 09:24:23 [http-nio-8080-exec-7] DEBUG c.n.nexxclinic.auth.JwtService - Successfully parsed token for principal: admin@email.com with roles: [ADMIN]
2026-05-24 09:24:23 [http-nio-8080-exec-7] DEBUG c.n.n.config.GraphQlAuthInterceptor - Token parsed successfully for user: admin@email.com
2026-05-24 09:24:23 [http-nio-8080-exec-7] DEBUG c.n.nexxclinic.auth.JwtService - Converting token info to authenticated user: admin@email.com
2026-05-24 09:24:23 [http-nio-8080-exec-7] DEBUG c.n.n.config.GraphQlAuthInterceptor - User authenticated: admin@email.com with roles: [ADMIN]
2026-05-24 09:24:23 [http-nio-8080-exec-7] DEBUG c.n.n.security.HasRoleAspect - Access granted: User admin@email.com called method getFormVersionHistory with roles: [ADMIN]
2026-05-24 09:26:02 [http-nio-8080-exec-5] DEBUG c.n.nexxclinic.auth.JwtService - Successfully parsed token for principal: admin@email.com with roles: [ADMIN]
2026-05-24 09:26:02 [http-nio-8080-exec-2] DEBUG c.n.nexxclinic.auth.JwtService - Successfully parsed token for principal: admin@email.com with roles: [ADMIN]
2026-05-24 09:26:02 [http-nio-8080-exec-5] DEBUG c.n.n.config.GraphQlAuthInterceptor - Token parsed successfully for user: admin@email.com
2026-05-24 09:26:02 [http-nio-8080-exec-2] DEBUG c.n.n.config.GraphQlAuthInterceptor - Token parsed successfully for user: admin@email.com
2026-05-24 09:26:02 [http-nio-8080-exec-5] DEBUG c.n.nexxclinic.auth.JwtService - Converting token info to authenticated user: admin@email.com
2026-05-24 09:26:02 [http-nio-8080-exec-2] DEBUG c.n.nexxclinic.auth.JwtService - Converting token info to authenticated user: admin@email.com
2026-05-24 09:26:02 [http-nio-8080-exec-2] DEBUG c.n.n.config.GraphQlAuthInterceptor - User authenticated: admin@email.com with roles: [ADMIN]
2026-05-24 09:26:02 [http-nio-8080-exec-5] DEBUG c.n.n.config.GraphQlAuthInterceptor - User authenticated: admin@email.com with roles: [ADMIN]
2026-05-24 09:26:02 [http-nio-8080-exec-2] DEBUG c.n.n.security.HasRoleAspect - Access granted: User admin@email.com called method getForms with roles: [ADMIN]
2026-05-24 09:26:02 [http-nio-8080-exec-5] DEBUG c.n.n.security.HasRoleAspect - Access granted: User admin@email.com called method departments with roles: [ADMIN]
2026-05-24 09:26:02 [http-nio-8080-exec-6] DEBUG c.n.nexxclinic.auth.JwtService - Successfully parsed token for principal: admin@email.com with roles: [ADMIN]
2026-05-24 09:26:02 [http-nio-8080-exec-6] DEBUG c.n.n.config.GraphQlAuthInterceptor - Token parsed successfully for user: admin@email.com
2026-05-24 09:26:02 [http-nio-8080-exec-6] DEBUG c.n.nexxclinic.auth.JwtService - Converting token info to authenticated user: admin@email.com
2026-05-24 09:26:02 [http-nio-8080-exec-6] DEBUG c.n.n.config.GraphQlAuthInterceptor - User authenticated: admin@email.com with roles: [ADMIN]
2026-05-24 09:26:02 [http-nio-8080-exec-6] DEBUG c.n.n.security.HasRoleAspect - Access granted: User admin@email.com called method getForm with roles: [ADMIN]
2026-05-24 09:26:03 [http-nio-8080-exec-4] DEBUG c.n.nexxclinic.auth.JwtService - Successfully parsed token for principal: admin@email.com with roles: [ADMIN]
2026-05-24 09:26:03 [http-nio-8080-exec-4] DEBUG c.n.n.config.GraphQlAuthInterceptor - Token parsed successfully for user: admin@email.com
2026-05-24 09:26:03 [http-nio-8080-exec-4] DEBUG c.n.nexxclinic.auth.JwtService - Converting token info to authenticated user: admin@email.com
2026-05-24 09:26:03 [http-nio-8080-exec-4] DEBUG c.n.n.config.GraphQlAuthInterceptor - User authenticated: admin@email.com with roles: [ADMIN]
2026-05-24 09:26:03 [http-nio-8080-exec-4] DEBUG c.n.n.security.HasRoleAspect - Access granted: User admin@email.com called method getFormVersionHistory with roles: [ADMIN]
2026-05-24 09:42:02 [HikariPool-1:housekeeper] WARN  com.zaxxer.hikari.pool.HikariPool - HikariPool-1 - Thread starvation or clock leap detected (housekeeper delta=2m52s203ms).
2026-05-24 09:50:58 [HikariPool-1:housekeeper] WARN  com.zaxxer.hikari.pool.HikariPool - HikariPool-1 - Thread starvation or clock leap detected (housekeeper delta=8m56s259ms).
2026-05-24 10:21:56 [HikariPool-1:housekeeper] WARN  com.zaxxer.hikari.pool.HikariPool - HikariPool-1 - Thread starvation or clock leap detected (housekeeper delta=19m57s533ms).
2026-05-24 10:26:32 [HikariPool-1:housekeeper] WARN  com.zaxxer.hikari.pool.HikariPool - HikariPool-1 - Thread starvation or clock leap detected (housekeeper delta=4m36s540ms).
2026-05-24 10:31:44 [HikariPool-1:housekeeper] WARN  com.zaxxer.hikari.pool.HikariPool - HikariPool-1 - Thread starvation or clock leap detected (housekeeper delta=2m37s198ms).
2026-05-24 10:32:39 [HikariPool-1:housekeeper] WARN  com.zaxxer.hikari.pool.HikariPool - HikariPool-1 - Thread starvation or clock leap detected (housekeeper delta=55s78ms).
2026-05-24 11:17:15 [HikariPool-1:housekeeper] WARN  com.zaxxer.hikari.pool.HikariPool - HikariPool-1 - Thread starvation or clock leap detected (housekeeper delta=15m36s428ms).
2026-05-24 11:25:38 [HikariPool-1:housekeeper] WARN  com.zaxxer.hikari.pool.HikariPool - HikariPool-1 - Thread starvation or clock leap detected (housekeeper delta=8m22s874ms).
2026-05-24 11:27:59 [HikariPool-1:housekeeper] WARN  com.zaxxer.hikari.pool.PoolBase - HikariPool-1 - Failed to validate connection org.postgresql.jdbc.PgConnection@62003c8c (This connection has been closed.). Possibly consider using a shorter maxLifetime value.
2026-05-24 11:28:35 [HikariPool-1:housekeeper] WARN  com.zaxxer.hikari.pool.HikariPool - HikariPool-1 - Thread starvation or clock leap detected (housekeeper delta=2m57s134ms).
2026-05-24 11:31:24 [HikariPool-1:housekeeper] WARN  com.zaxxer.hikari.pool.HikariPool - HikariPool-1 - Thread starvation or clock leap detected (housekeeper delta=2m48s394ms).
2026-05-24 11:43:19 [HikariPool-1:housekeeper] WARN  com.zaxxer.hikari.pool.HikariPool - HikariPool-1 - Thread starvation or clock leap detected (housekeeper delta=11m54s862ms).
2026-05-24 11:51:23 [HikariPool-1:housekeeper] WARN  com.zaxxer.hikari.pool.PoolBase - HikariPool-1 - Failed to validate connection org.postgresql.jdbc.PgConnection@2556f21e (This connection has been closed.). Possibly consider using a shorter maxLifetime value.
2026-05-24 11:53:50 [HikariPool-1:housekeeper] WARN  com.zaxxer.hikari.pool.PoolBase - HikariPool-1 - Failed to validate connection org.postgresql.jdbc.PgConnection@443ba4ef (This connection has been closed.). Possibly consider using a shorter maxLifetime value.
2026-05-24 11:56:52 [HikariPool-1:housekeeper] WARN  com.zaxxer.hikari.pool.HikariPool - HikariPool-1 - Thread starvation or clock leap detected (housekeeper delta=13m32s973ms).
2026-05-24 12:13:40 [File Watcher] INFO  o.s.b.d.a.LocalDevToolsAutoConfiguration$RestartingClassPathChangeChangedEventListener - Restarting due to 8 class path changes (0 additions, 8 deletions, 0 modifications)
2026-05-24 12:13:40 [Thread-1] INFO  o.s.boot.tomcat.GracefulShutdown - Commencing graceful shutdown. Waiting for active requests to complete
2026-05-24 12:13:40 [tomcat-shutdown] INFO  o.s.boot.tomcat.GracefulShutdown - Graceful shutdown complete
2026-05-24 12:13:40 [Thread-1] INFO  o.s.o.j.LocalContainerEntityManagerFactoryBean - Closing JPA EntityManagerFactory for persistence unit 'default'
2026-05-24 12:13:40 [Thread-1] INFO  com.zaxxer.hikari.HikariDataSource - HikariPool-1 - Shutdown initiated...
2026-05-24 12:13:40 [Thread-1] INFO  com.zaxxer.hikari.HikariDataSource - HikariPool-1 - Shutdown completed.
2026-05-24 12:13:40 [restartedMain] INFO  c.n.nexxclinic.NexxclinicApplication - Starting NexxclinicApplication using Java 21.0.11 with PID 4508 (/Users/nex/workspace/nexxserve/nexxclinic/build/classes/java/main started by nex in /Users/nex/workspace/nexxserve/nexxclinic)
2026-05-24 12:13:40 [restartedMain] DEBUG c.n.nexxclinic.NexxclinicApplication - Running with Spring Boot v4.0.5, Spring v7.0.6
2026-05-24 12:13:40 [restartedMain] INFO  c.n.nexxclinic.NexxclinicApplication - No active profile set, falling back to 1 default profile: "default"
2026-05-24 12:13:40 [restartedMain] INFO  o.s.d.r.c.RepositoryConfigurationDelegate - Bootstrapping Spring Data JPA repositories in DEFAULT mode.
2026-05-24 12:13:40 [restartedMain] INFO  o.s.d.r.c.RepositoryConfigurationDelegate - Finished Spring Data repository scanning in 33 ms. Found 28 JPA repository interfaces.
2026-05-24 12:13:40 [restartedMain] INFO  o.s.boot.tomcat.TomcatWebServer - Tomcat initialized with port 8080 (http)
2026-05-24 12:13:40 [restartedMain] INFO  o.a.catalina.core.StandardService - Starting service [Tomcat]
2026-05-24 12:13:40 [restartedMain] INFO  o.a.catalina.core.StandardEngine - Starting Servlet engine: [Apache Tomcat/11.0.20]
2026-05-24 12:13:40 [restartedMain] INFO  o.s.b.w.c.s.WebApplicationContextInitializer - Root WebApplicationContext: initialization completed in 490 ms
2026-05-24 12:13:40 [restartedMain] INFO  org.hibernate.orm.jpa - HHH008540: Processing PersistenceUnitInfo [name: default]
2026-05-24 12:13:41 [restartedMain] INFO  o.s.o.j.p.SpringPersistenceUnitInfo - No LoadTimeWeaver setup: ignoring JPA class transformer
2026-05-24 12:13:41 [restartedMain] INFO  com.zaxxer.hikari.HikariDataSource - HikariPool-2 - Starting...
2026-05-24 12:13:41 [restartedMain] INFO  com.zaxxer.hikari.pool.HikariPool - HikariPool-2 - Added connection org.postgresql.jdbc.PgConnection@50c64dfb
2026-05-24 12:13:41 [restartedMain] INFO  com.zaxxer.hikari.HikariDataSource - HikariPool-2 - Start completed.
2026-05-24 12:13:41 [restartedMain] INFO  o.hibernate.orm.connections.pooling - HHH10001005: Database info:
	Database JDBC URL [jdbc:postgresql://localhost:5432/nexxclinic]
	Database driver: PostgreSQL JDBC Driver
	Database dialect: PostgreSQLDialect
	Database version: 17.9
	Default catalog/schema: nexxclinic/public
	Autocommit mode: undefined/unknown
	Isolation level: READ_COMMITTED [default READ_COMMITTED]
	JDBC fetch size: none
	Pool: DataSourceConnectionProvider
	Minimum pool size: undefined/unknown
	Maximum pool size: undefined/unknown
2026-05-24 12:13:41 [restartedMain] INFO  org.hibernate.orm.core - HHH000489: No JTA platform available (set 'hibernate.transaction.jta.platform' to enable JTA platform integration)
2026-05-24 12:13:41 [restartedMain] INFO  o.s.o.j.LocalContainerEntityManagerFactoryBean - Initialized JPA EntityManagerFactory for persistence unit 'default'
2026-05-24 12:13:41 [restartedMain] INFO  c.n.nexxclinic.auth.JwtService - JwtService initialized with expiration: 120 minutes
2026-05-24 12:13:41 [restartedMain] WARN  o.s.b.s.a.UserDetailsServiceAutoConfiguration - 

Using generated security password: e8a86e55-17b1-437f-b0e4-b06e26904c9b

This generated password is for development use only. Your security configuration must be updated before running your application in production.

2026-05-24 12:13:41 [restartedMain] INFO  o.s.s.c.a.a.c.InitializeUserDetailsBeanManagerConfigurer$InitializeUserDetailsManagerConfigurer - Global AuthenticationManager configured with UserDetailsService bean with name inMemoryUserDetailsManager
2026-05-24 12:13:41 [restartedMain] INFO  c.n.n.config.WebSecurityConfig - Configuring security filter chain
2026-05-24 12:13:42 [restartedMain] INFO  o.s.g.e.DefaultSchemaResourceGraphQlSourceBuilder - Loaded 3 resource(s) in the GraphQL schema.
2026-05-24 12:13:42 [restartedMain] INFO  o.s.b.g.a.GraphQlAutoConfiguration - GraphQL schema inspection:
	Unmapped fields: {Mutation=[completeVisitDepartment, generateConsultationPdf]}
	Unmapped registrations: {}
	Unmapped arguments: {}
	Field nullness errors: {}
	Argument nullness errors: {}
	Skipped types: [Worker, Worker, AuditLog, InsuranceProvider, InsuranceProvider, PaginationInfo, Patient, Patient, PaginationInfo, PatientInsurance, PaginationInfo, Product, Product, PaginationInfo, ProductInsuranceCoverage, Department, Department, PaginationInfo, Visit, Visit, PaginationInfo, VisitBilling, VisitBilling, Invoice, Form, Form, FormVersion, FormVersion, ConsultationAnswers, AuthTokens, PatientInsurance, VisitDepartment]
2026-05-24 12:13:42 [restartedMain] INFO  o.s.b.g.a.s.GraphQlWebMvcAutoConfiguration - GraphQL endpoint HTTP POST /graphql
2026-05-24 12:13:42 [restartedMain] INFO  o.s.b.a.e.web.EndpointLinksResolver - Exposing 1 endpoint beneath base path '/actuator'
2026-05-24 12:13:42 [restartedMain] INFO  o.s.boot.tomcat.TomcatWebServer - Tomcat started on port 8080 (http) with context path '/'
2026-05-24 12:13:42 [restartedMain] INFO  c.n.nexxclinic.NexxclinicApplication - Started NexxclinicApplication in 1.881 seconds (process running for 7613.086)
2026-05-24 12:13:42 [restartedMain] INFO  o.s.b.d.a.ConditionEvaluationDeltaLoggingListener - Condition evaluation unchanged
2026-05-24 12:13:43 [File Watcher] INFO  o.s.b.d.a.LocalDevToolsAutoConfiguration$RestartingClassPathChangeChangedEventListener - Restarting due to 10 class path changes (10 additions, 0 deletions, 0 modifications)
2026-05-24 12:13:43 [Thread-5] INFO  o.s.boot.tomcat.GracefulShutdown - Commencing graceful shutdown. Waiting for active requests to complete
2026-05-24 12:13:43 [tomcat-shutdown] INFO  o.s.boot.tomcat.GracefulShutdown - Graceful shutdown complete
2026-05-24 12:13:43 [Thread-5] INFO  o.s.o.j.LocalContainerEntityManagerFactoryBean - Closing JPA EntityManagerFactory for persistence unit 'default'
2026-05-24 12:13:43 [Thread-5] INFO  com.zaxxer.hikari.HikariDataSource - HikariPool-2 - Shutdown initiated...
2026-05-24 12:13:43 [Thread-5] INFO  com.zaxxer.hikari.HikariDataSource - HikariPool-2 - Shutdown completed.
2026-05-24 12:13:43 [restartedMain] INFO  c.n.nexxclinic.NexxclinicApplication - Starting NexxclinicApplication using Java 21.0.11 with PID 4508 (/Users/nex/workspace/nexxserve/nexxclinic/build/classes/java/main started by nex in /Users/nex/workspace/nexxserve/nexxclinic)
2026-05-24 12:13:43 [restartedMain] DEBUG c.n.nexxclinic.NexxclinicApplication - Running with Spring Boot v4.0.5, Spring v7.0.6
2026-05-24 12:13:43 [restartedMain] INFO  c.n.nexxclinic.NexxclinicApplication - No active profile set, falling back to 1 default profile: "default"
2026-05-24 12:13:43 [restartedMain] INFO  o.s.d.r.c.RepositoryConfigurationDelegate - Bootstrapping Spring Data JPA repositories in DEFAULT mode.
2026-05-24 12:13:43 [restartedMain] INFO  o.s.d.r.c.RepositoryConfigurationDelegate - Finished Spring Data repository scanning in 23 ms. Found 28 JPA repository interfaces.
2026-05-24 12:13:43 [restartedMain] INFO  o.s.boot.tomcat.TomcatWebServer - Tomcat initialized with port 8080 (http)
2026-05-24 12:13:43 [restartedMain] INFO  o.a.catalina.core.StandardService - Starting service [Tomcat]
2026-05-24 12:13:43 [restartedMain] INFO  o.a.catalina.core.StandardEngine - Starting Servlet engine: [Apache Tomcat/11.0.20]
2026-05-24 12:13:43 [restartedMain] INFO  o.s.b.w.c.s.WebApplicationContextInitializer - Root WebApplicationContext: initialization completed in 261 ms
2026-05-24 12:13:44 [restartedMain] INFO  org.hibernate.orm.jpa - HHH008540: Processing PersistenceUnitInfo [name: default]
2026-05-24 12:13:44 [restartedMain] INFO  o.s.o.j.p.SpringPersistenceUnitInfo - No LoadTimeWeaver setup: ignoring JPA class transformer
2026-05-24 12:13:44 [restartedMain] INFO  com.zaxxer.hikari.HikariDataSource - HikariPool-3 - Starting...
2026-05-24 12:13:44 [restartedMain] INFO  com.zaxxer.hikari.pool.HikariPool - HikariPool-3 - Added connection org.postgresql.jdbc.PgConnection@30fbc558
2026-05-24 12:13:44 [restartedMain] INFO  com.zaxxer.hikari.HikariDataSource - HikariPool-3 - Start completed.
2026-05-24 12:13:44 [restartedMain] INFO  o.hibernate.orm.connections.pooling - HHH10001005: Database info:
	Database JDBC URL [jdbc:postgresql://localhost:5432/nexxclinic]
	Database driver: PostgreSQL JDBC Driver
	Database dialect: PostgreSQLDialect
	Database version: 17.9
	Default catalog/schema: nexxclinic/public
	Autocommit mode: undefined/unknown
	Isolation level: READ_COMMITTED [default READ_COMMITTED]
	JDBC fetch size: none
	Pool: DataSourceConnectionProvider
	Minimum pool size: undefined/unknown
	Maximum pool size: undefined/unknown
2026-05-24 12:13:44 [restartedMain] INFO  org.hibernate.orm.core - HHH000489: No JTA platform available (set 'hibernate.transaction.jta.platform' to enable JTA platform integration)
2026-05-24 12:13:44 [restartedMain] INFO  o.s.o.j.LocalContainerEntityManagerFactoryBean - Initialized JPA EntityManagerFactory for persistence unit 'default'
2026-05-24 12:13:44 [restartedMain] INFO  c.n.nexxclinic.auth.JwtService - JwtService initialized with expiration: 120 minutes
2026-05-24 12:13:44 [restartedMain] WARN  o.s.b.s.a.UserDetailsServiceAutoConfiguration - 

Using generated security password: fc38f2bc-ce3d-4b52-a488-c0032051fa62

This generated password is for development use only. Your security configuration must be updated before running your application in production.

2026-05-24 12:13:44 [restartedMain] INFO  o.s.s.c.a.a.c.InitializeUserDetailsBeanManagerConfigurer$InitializeUserDetailsManagerConfigurer - Global AuthenticationManager configured with UserDetailsService bean with name inMemoryUserDetailsManager
2026-05-24 12:13:44 [restartedMain] INFO  c.n.n.config.WebSecurityConfig - Configuring security filter chain
2026-05-24 12:13:44 [restartedMain] INFO  o.s.g.e.DefaultSchemaResourceGraphQlSourceBuilder - Loaded 3 resource(s) in the GraphQL schema.
2026-05-24 12:13:44 [restartedMain] INFO  o.s.b.g.a.GraphQlAutoConfiguration - GraphQL schema inspection:
	Unmapped fields: {Mutation=[completeVisitDepartment, generateConsultationPdf]}
	Unmapped registrations: {}
	Unmapped arguments: {}
	Field nullness errors: {}
	Argument nullness errors: {}
	Skipped types: [Worker, Worker, AuditLog, InsuranceProvider, InsuranceProvider, PaginationInfo, Patient, Patient, PaginationInfo, PatientInsurance, PaginationInfo, Product, Product, PaginationInfo, ProductInsuranceCoverage, Department, Department, PaginationInfo, Visit, Visit, PaginationInfo, VisitBilling, VisitBilling, Invoice, Form, Form, FormVersion, FormVersion, ConsultationAnswers, AuthTokens, PatientInsurance, VisitDepartment]
2026-05-24 12:13:44 [restartedMain] INFO  o.s.b.g.a.s.GraphQlWebMvcAutoConfiguration - GraphQL endpoint HTTP POST /graphql
2026-05-24 12:13:44 [restartedMain] INFO  o.s.b.a.e.web.EndpointLinksResolver - Exposing 1 endpoint beneath base path '/actuator'
2026-05-24 12:13:45 [restartedMain] INFO  o.s.boot.tomcat.TomcatWebServer - Tomcat started on port 8080 (http) with context path '/'
2026-05-24 12:13:45 [restartedMain] INFO  c.n.nexxclinic.NexxclinicApplication - Started NexxclinicApplication in 1.322 seconds (process running for 7615.861)
2026-05-24 12:13:45 [restartedMain] INFO  o.s.b.d.a.ConditionEvaluationDeltaLoggingListener - Condition evaluation unchanged
2026-05-24 12:14:02 [File Watcher] INFO  o.s.b.d.a.LocalDevToolsAutoConfiguration$RestartingClassPathChangeChangedEventListener - Restarting due to 5 class path changes (0 additions, 0 deletions, 5 modifications)
2026-05-24 12:14:02 [Thread-9] INFO  o.s.boot.tomcat.GracefulShutdown - Commencing graceful shutdown. Waiting for active requests to complete
2026-05-24 12:14:02 [tomcat-shutdown] INFO  o.s.boot.tomcat.GracefulShutdown - Graceful shutdown complete
2026-05-24 12:14:02 [Thread-9] INFO  o.s.o.j.LocalContainerEntityManagerFactoryBean - Closing JPA EntityManagerFactory for persistence unit 'default'
2026-05-24 12:14:02 [Thread-9] INFO  com.zaxxer.hikari.HikariDataSource - HikariPool-3 - Shutdown initiated...
2026-05-24 12:14:02 [Thread-9] INFO  com.zaxxer.hikari.HikariDataSource - HikariPool-3 - Shutdown completed.
2026-05-24 12:14:02 [restartedMain] INFO  c.n.nexxclinic.NexxclinicApplication - Starting NexxclinicApplication using Java 21.0.11 with PID 4508 (/Users/nex/workspace/nexxserve/nexxclinic/build/classes/java/main started by nex in /Users/nex/workspace/nexxserve/nexxclinic)
2026-05-24 12:14:02 [restartedMain] DEBUG c.n.nexxclinic.NexxclinicApplication - Running with Spring Boot v4.0.5, Spring v7.0.6
2026-05-24 12:14:02 [restartedMain] INFO  c.n.nexxclinic.NexxclinicApplication - No active profile set, falling back to 1 default profile: "default"
2026-05-24 12:14:02 [restartedMain] INFO  o.s.d.r.c.RepositoryConfigurationDelegate - Bootstrapping Spring Data JPA repositories in DEFAULT mode.
2026-05-24 12:14:02 [restartedMain] INFO  o.s.d.r.c.RepositoryConfigurationDelegate - Finished Spring Data repository scanning in 26 ms. Found 28 JPA repository interfaces.
2026-05-24 12:14:03 [restartedMain] INFO  o.s.boot.tomcat.TomcatWebServer - Tomcat initialized with port 8080 (http)
2026-05-24 12:14:03 [restartedMain] INFO  o.a.catalina.core.StandardService - Starting service [Tomcat]
2026-05-24 12:14:03 [restartedMain] INFO  o.a.catalina.core.StandardEngine - Starting Servlet engine: [Apache Tomcat/11.0.20]
2026-05-24 12:14:03 [restartedMain] INFO  o.s.b.w.c.s.WebApplicationContextInitializer - Root WebApplicationContext: initialization completed in 326 ms
2026-05-24 12:14:03 [restartedMain] INFO  org.hibernate.orm.jpa - HHH008540: Processing PersistenceUnitInfo [name: default]
2026-05-24 12:14:03 [restartedMain] INFO  o.s.o.j.p.SpringPersistenceUnitInfo - No LoadTimeWeaver setup: ignoring JPA class transformer
2026-05-24 12:14:03 [restartedMain] INFO  com.zaxxer.hikari.HikariDataSource - HikariPool-4 - Starting...
2026-05-24 12:14:03 [restartedMain] INFO  com.zaxxer.hikari.pool.HikariPool - HikariPool-4 - Added connection org.postgresql.jdbc.PgConnection@19a1309b
2026-05-24 12:14:03 [restartedMain] INFO  com.zaxxer.hikari.HikariDataSource - HikariPool-4 - Start completed.
2026-05-24 12:14:03 [restartedMain] INFO  o.hibernate.orm.connections.pooling - HHH10001005: Database info:
	Database JDBC URL [jdbc:postgresql://localhost:5432/nexxclinic]
	Database driver: PostgreSQL JDBC Driver
	Database dialect: PostgreSQLDialect
	Database version: 17.9
	Default catalog/schema: nexxclinic/public
	Autocommit mode: undefined/unknown
	Isolation level: READ_COMMITTED [default READ_COMMITTED]
	JDBC fetch size: none
	Pool: DataSourceConnectionProvider
	Minimum pool size: undefined/unknown
	Maximum pool size: undefined/unknown
2026-05-24 12:14:03 [restartedMain] INFO  org.hibernate.orm.core - HHH000489: No JTA platform available (set 'hibernate.transaction.jta.platform' to enable JTA platform integration)
2026-05-24 12:14:03 [restartedMain] INFO  o.s.o.j.LocalContainerEntityManagerFactoryBean - Initialized JPA EntityManagerFactory for persistence unit 'default'
2026-05-24 12:14:03 [restartedMain] INFO  c.n.nexxclinic.auth.JwtService - JwtService initialized with expiration: 120 minutes
2026-05-24 12:14:03 [restartedMain] WARN  o.s.b.s.a.UserDetailsServiceAutoConfiguration - 

Using generated security password: 777a2cb6-a3ae-40d0-88b6-849c7d952094

This generated password is for development use only. Your security configuration must be updated before running your application in production.

2026-05-24 12:14:03 [restartedMain] INFO  o.s.s.c.a.a.c.InitializeUserDetailsBeanManagerConfigurer$InitializeUserDetailsManagerConfigurer - Global AuthenticationManager configured with UserDetailsService bean with name inMemoryUserDetailsManager
2026-05-24 12:14:04 [restartedMain] INFO  c.n.n.config.WebSecurityConfig - Configuring security filter chain
2026-05-24 12:14:04 [restartedMain] INFO  o.s.g.e.DefaultSchemaResourceGraphQlSourceBuilder - Loaded 3 resource(s) in the GraphQL schema.
2026-05-24 12:14:04 [restartedMain] INFO  o.s.b.g.a.GraphQlAutoConfiguration - GraphQL schema inspection:
	Unmapped fields: {Mutation=[completeVisitDepartment, generateConsultationPdf]}
	Unmapped registrations: {}
	Unmapped arguments: {}
	Field nullness errors: {}
	Argument nullness errors: {}
	Skipped types: [Worker, Worker, AuditLog, InsuranceProvider, InsuranceProvider, PaginationInfo, Patient, Patient, PaginationInfo, PatientInsurance, PaginationInfo, Product, Product, PaginationInfo, ProductInsuranceCoverage, Department, Department, PaginationInfo, Visit, Visit, PaginationInfo, VisitBilling, VisitBilling, Invoice, Form, Form, FormVersion, FormVersion, ConsultationAnswers, AuthTokens, PatientInsurance, VisitDepartment]
2026-05-24 12:14:04 [restartedMain] INFO  o.s.b.g.a.s.GraphQlWebMvcAutoConfiguration - GraphQL endpoint HTTP POST /graphql
2026-05-24 12:14:04 [restartedMain] INFO  o.s.b.a.e.web.EndpointLinksResolver - Exposing 1 endpoint beneath base path '/actuator'
2026-05-24 12:14:04 [restartedMain] INFO  o.s.boot.tomcat.TomcatWebServer - Tomcat started on port 8080 (http) with context path '/'
2026-05-24 12:14:04 [restartedMain] INFO  c.n.nexxclinic.NexxclinicApplication - Started NexxclinicApplication in 1.533 seconds (process running for 7635.114)
2026-05-24 12:14:04 [restartedMain] INFO  o.s.b.d.a.ConditionEvaluationDeltaLoggingListener - Condition evaluation unchanged
2026-05-24 12:16:06 [SpringApplicationShutdownHook] INFO  o.s.boot.tomcat.GracefulShutdown - Commencing graceful shutdown. Waiting for active requests to complete
2026-05-24 12:16:07 [tomcat-shutdown] INFO  o.s.boot.tomcat.GracefulShutdown - Graceful shutdown complete
2026-05-24 12:16:07 [SpringApplicationShutdownHook] INFO  o.s.o.j.LocalContainerEntityManagerFactoryBean - Closing JPA EntityManagerFactory for persistence unit 'default'
2026-05-24 12:16:07 [SpringApplicationShutdownHook] INFO  com.zaxxer.hikari.HikariDataSource - HikariPool-4 - Shutdown initiated...
2026-05-24 12:16:07 [SpringApplicationShutdownHook] INFO  com.zaxxer.hikari.HikariDataSource - HikariPool-4 - Shutdown completed.
2026-05-24 12:16:11 [restartedMain] INFO  c.n.nexxclinic.NexxclinicApplication - Starting NexxclinicApplication using Java 21.0.11 with PID 76524 (/Users/nex/workspace/nexxserve/nexxclinic/build/classes/java/main started by nex in /Users/nex/workspace/nexxserve/nexxclinic)
2026-05-24 12:16:11 [restartedMain] DEBUG c.n.nexxclinic.NexxclinicApplication - Running with Spring Boot v4.0.5, Spring v7.0.6
2026-05-24 12:16:11 [restartedMain] INFO  c.n.nexxclinic.NexxclinicApplication - No active profile set, falling back to 1 default profile: "default"
2026-05-24 12:16:12 [restartedMain] INFO  o.s.b.d.e.DevToolsPropertyDefaultsPostProcessor - Devtools property defaults active! Set 'spring.devtools.add-properties' to 'false' to disable
2026-05-24 12:16:12 [restartedMain] INFO  o.s.b.d.e.DevToolsPropertyDefaultsPostProcessor - For additional web related logging consider setting the 'logging.level.web' property to 'DEBUG'
2026-05-24 12:16:12 [restartedMain] INFO  o.s.d.r.c.RepositoryConfigurationDelegate - Bootstrapping Spring Data JPA repositories in DEFAULT mode.
2026-05-24 12:16:12 [restartedMain] INFO  o.s.d.r.c.RepositoryConfigurationDelegate - Finished Spring Data repository scanning in 145 ms. Found 28 JPA repository interfaces.
2026-05-24 12:16:13 [restartedMain] INFO  o.s.boot.tomcat.TomcatWebServer - Tomcat initialized with port 8080 (http)
2026-05-24 12:16:13 [restartedMain] INFO  o.a.catalina.core.StandardService - Starting service [Tomcat]
2026-05-24 12:16:13 [restartedMain] INFO  o.a.catalina.core.StandardEngine - Starting Servlet engine: [Apache Tomcat/11.0.20]
2026-05-24 12:16:13 [restartedMain] INFO  o.s.b.w.c.s.WebApplicationContextInitializer - Root WebApplicationContext: initialization completed in 1217 ms
2026-05-24 12:16:13 [restartedMain] INFO  org.hibernate.orm.jpa - HHH008540: Processing PersistenceUnitInfo [name: default]
2026-05-24 12:16:13 [restartedMain] INFO  org.hibernate.orm.core - HHH000001: Hibernate ORM core version 7.2.7.Final
2026-05-24 12:16:13 [restartedMain] INFO  o.s.o.j.p.SpringPersistenceUnitInfo - No LoadTimeWeaver setup: ignoring JPA class transformer
2026-05-24 12:16:13 [restartedMain] INFO  com.zaxxer.hikari.HikariDataSource - HikariPool-1 - Starting...
2026-05-24 12:16:13 [restartedMain] INFO  com.zaxxer.hikari.pool.HikariPool - HikariPool-1 - Added connection org.postgresql.jdbc.PgConnection@6d63c7e4
2026-05-24 12:16:13 [restartedMain] INFO  com.zaxxer.hikari.HikariDataSource - HikariPool-1 - Start completed.
2026-05-24 12:16:13 [restartedMain] INFO  o.hibernate.orm.connections.pooling - HHH10001005: Database info:
	Database JDBC URL [jdbc:postgresql://localhost:5432/nexxclinic]
	Database driver: PostgreSQL JDBC Driver
	Database dialect: PostgreSQLDialect
	Database version: 17.9
	Default catalog/schema: nexxclinic/public
	Autocommit mode: undefined/unknown
	Isolation level: READ_COMMITTED [default READ_COMMITTED]
	JDBC fetch size: none
	Pool: DataSourceConnectionProvider
	Minimum pool size: undefined/unknown
	Maximum pool size: undefined/unknown
2026-05-24 12:16:14 [restartedMain] INFO  org.hibernate.orm.core - HHH000489: No JTA platform available (set 'hibernate.transaction.jta.platform' to enable JTA platform integration)
2026-05-24 12:16:15 [restartedMain] INFO  o.s.o.j.LocalContainerEntityManagerFactoryBean - Initialized JPA EntityManagerFactory for persistence unit 'default'
2026-05-24 12:16:15 [restartedMain] INFO  c.n.nexxclinic.auth.JwtService - JwtService initialized with expiration: 120 minutes
2026-05-24 12:16:15 [restartedMain] INFO  o.s.d.j.r.q.QueryEnhancerFactories - Hibernate is in classpath; If applicable, HQL parser will be used.
2026-05-24 12:16:16 [restartedMain] WARN  o.s.b.s.a.UserDetailsServiceAutoConfiguration - 

Using generated security password: d8681d4b-4180-48e7-9c7a-b4b3b5ce9ff1

This generated password is for development use only. Your security configuration must be updated before running your application in production.

2026-05-24 12:16:16 [restartedMain] INFO  o.s.s.c.a.a.c.InitializeUserDetailsBeanManagerConfigurer$InitializeUserDetailsManagerConfigurer - Global AuthenticationManager configured with UserDetailsService bean with name inMemoryUserDetailsManager
2026-05-24 12:16:16 [restartedMain] INFO  c.n.n.config.WebSecurityConfig - Configuring security filter chain
2026-05-24 12:16:16 [restartedMain] INFO  o.s.g.e.DefaultSchemaResourceGraphQlSourceBuilder - Loaded 3 resource(s) in the GraphQL schema.
2026-05-24 12:16:16 [restartedMain] INFO  o.s.b.g.a.GraphQlAutoConfiguration - GraphQL schema inspection:
	Unmapped fields: {Mutation=[completeVisitDepartment, generateConsultationPdf]}
	Unmapped registrations: {}
	Unmapped arguments: {}
	Field nullness errors: {}
	Argument nullness errors: {}
	Skipped types: [Worker, Worker, AuditLog, InsuranceProvider, InsuranceProvider, PaginationInfo, Patient, Patient, PaginationInfo, PatientInsurance, PaginationInfo, Product, Product, PaginationInfo, ProductInsuranceCoverage, Department, Department, PaginationInfo, Visit, Visit, PaginationInfo, VisitBilling, VisitBilling, Invoice, Form, Form, FormVersion, FormVersion, ConsultationAnswers, AuthTokens, PatientInsurance, VisitDepartment]
2026-05-24 12:16:16 [restartedMain] INFO  o.s.b.g.a.s.GraphQlWebMvcAutoConfiguration - GraphQL endpoint HTTP POST /graphql
2026-05-24 12:16:16 [restartedMain] INFO  o.s.b.a.e.web.EndpointLinksResolver - Exposing 1 endpoint beneath base path '/actuator'
2026-05-24 12:16:16 [restartedMain] INFO  o.s.boot.tomcat.TomcatWebServer - Tomcat started on port 8080 (http) with context path '/'
2026-05-24 12:16:16 [restartedMain] INFO  c.n.nexxclinic.NexxclinicApplication - Started NexxclinicApplication in 5.181 seconds (process running for 5.441)
2026-05-24 12:17:26 [http-nio-8080-exec-2] INFO  o.a.c.c.C.[Tomcat].[localhost].[/] - Initializing Spring DispatcherServlet 'dispatcherServlet'
2026-05-24 12:17:26 [http-nio-8080-exec-2] INFO  o.s.web.servlet.DispatcherServlet - Initializing Servlet 'dispatcherServlet'
2026-05-24 12:17:26 [http-nio-8080-exec-2] INFO  o.s.web.servlet.DispatcherServlet - Completed initialization in 1 ms
2026-05-24 12:17:27 [http-nio-8080-exec-4] ERROR c.n.nexxclinic.auth.JwtService - Failed to parse access token: JWT expired 5863200 milliseconds ago at 2026-05-24T08:39:44.000Z. Current time: 2026-05-24T10:17:27.200Z. Allowed clock skew: 0 milliseconds.
2026-05-24 12:17:27 [http-nio-8080-exec-3] ERROR c.n.nexxclinic.auth.JwtService - Failed to parse access token: JWT expired 5863200 milliseconds ago at 2026-05-24T08:39:44.000Z. Current time: 2026-05-24T10:17:27.200Z. Allowed clock skew: 0 milliseconds.
2026-05-24 12:17:27 [http-nio-8080-exec-4] DEBUG c.n.n.config.GraphQlAuthInterceptor - Failed to parse access token: Invalid token
2026-05-24 12:17:27 [http-nio-8080-exec-3] DEBUG c.n.n.config.GraphQlAuthInterceptor - Failed to parse access token: Invalid token
2026-05-24 12:17:27 [http-nio-8080-exec-4] DEBUG c.n.n.config.GraphQlAuthInterceptor - No authentication token found in request
2026-05-24 12:17:27 [http-nio-8080-exec-3] DEBUG c.n.n.config.GraphQlAuthInterceptor - No authentication token found in request
2026-05-24 12:17:27 [http-nio-8080-exec-4] WARN  c.n.n.security.HasRoleAspect - Access denied: Authentication is required for method: getForms
2026-05-24 12:17:27 [http-nio-8080-exec-3] WARN  c.n.n.security.HasRoleAspect - Access denied: Authentication is required for method: departments
2026-05-24 12:17:56 [http-nio-8080-exec-6] DEBUG c.n.n.config.GraphQlAuthInterceptor - No authentication token found in request
2026-05-24 12:17:56 [http-nio-8080-exec-6] INFO  c.n.nexxclinic.service.WorkerService - Login attempt for identifier: doctor@email.com
2026-05-24 12:17:57 [http-nio-8080-exec-6] INFO  c.n.nexxclinic.auth.JwtService - Generated access token for user: doctor@email.com (ID: 1169a865-9f8d-4919-adf0-5ae3ed3ee6af) with roles: [CLINICIAN]
2026-05-24 12:17:57 [http-nio-8080-exec-6] INFO  c.n.nexxclinic.service.WorkerService - User successfully logged in: null (ID: 1169a865-9f8d-4919-adf0-5ae3ed3ee6af) with roles: [CLINICIAN]
2026-05-24 12:17:57 [http-nio-8080-exec-7] DEBUG c.n.nexxclinic.auth.JwtService - Successfully parsed token for principal: doctor@email.com with roles: [CLINICIAN]
2026-05-24 12:17:57 [http-nio-8080-exec-8] DEBUG c.n.nexxclinic.auth.JwtService - Successfully parsed token for principal: doctor@email.com with roles: [CLINICIAN]
2026-05-24 12:17:57 [http-nio-8080-exec-7] DEBUG c.n.n.config.GraphQlAuthInterceptor - Token parsed successfully for user: doctor@email.com
2026-05-24 12:17:57 [http-nio-8080-exec-7] DEBUG c.n.nexxclinic.auth.JwtService - Converting token info to authenticated user: doctor@email.com
2026-05-24 12:17:57 [http-nio-8080-exec-7] DEBUG c.n.n.config.GraphQlAuthInterceptor - User authenticated: doctor@email.com with roles: [CLINICIAN]
2026-05-24 12:17:57 [http-nio-8080-exec-8] DEBUG c.n.n.config.GraphQlAuthInterceptor - Token parsed successfully for user: doctor@email.com
2026-05-24 12:17:57 [http-nio-8080-exec-8] DEBUG c.n.nexxclinic.auth.JwtService - Converting token info to authenticated user: doctor@email.com
2026-05-24 12:17:57 [http-nio-8080-exec-8] DEBUG c.n.n.config.GraphQlAuthInterceptor - User authenticated: doctor@email.com with roles: [CLINICIAN]
2026-05-24 12:17:57 [http-nio-8080-exec-7] DEBUG c.n.n.security.HasRoleAspect - Access granted: User doctor@email.com called method visits with roles: [CLINICIAN]
2026-05-24 12:18:21 [http-nio-8080-exec-10] DEBUG c.n.nexxclinic.auth.JwtService - Successfully parsed token for principal: doctor@email.com with roles: [CLINICIAN]
2026-05-24 12:18:21 [http-nio-8080-exec-10] DEBUG c.n.n.config.GraphQlAuthInterceptor - Token parsed successfully for user: doctor@email.com
2026-05-24 12:18:21 [http-nio-8080-exec-10] DEBUG c.n.nexxclinic.auth.JwtService - Converting token info to authenticated user: doctor@email.com
2026-05-24 12:18:21 [http-nio-8080-exec-10] DEBUG c.n.n.config.GraphQlAuthInterceptor - User authenticated: doctor@email.com with roles: [CLINICIAN]
2026-05-24 12:18:21 [http-nio-8080-exec-10] DEBUG c.n.n.security.HasRoleAspect - Access granted: User doctor@email.com called method updateVisitDepartmentStatus with roles: [CLINICIAN]
2026-05-24 12:18:21 [http-nio-8080-exec-2] DEBUG c.n.nexxclinic.auth.JwtService - Successfully parsed token for principal: doctor@email.com with roles: [CLINICIAN]
2026-05-24 12:18:21 [http-nio-8080-exec-2] DEBUG c.n.n.config.GraphQlAuthInterceptor - Token parsed successfully for user: doctor@email.com
2026-05-24 12:18:21 [http-nio-8080-exec-2] DEBUG c.n.nexxclinic.auth.JwtService - Converting token info to authenticated user: doctor@email.com
2026-05-24 12:18:21 [http-nio-8080-exec-2] DEBUG c.n.n.config.GraphQlAuthInterceptor - User authenticated: doctor@email.com with roles: [CLINICIAN]
2026-05-24 12:18:21 [http-nio-8080-exec-2] DEBUG c.n.n.security.HasRoleAspect - Access granted: User doctor@email.com called method visits with roles: [CLINICIAN]
2026-05-24 12:18:22 [http-nio-8080-exec-1] DEBUG c.n.nexxclinic.auth.JwtService - Successfully parsed token for principal: doctor@email.com with roles: [CLINICIAN]
2026-05-24 12:18:22 [http-nio-8080-exec-1] DEBUG c.n.n.config.GraphQlAuthInterceptor - Token parsed successfully for user: doctor@email.com
2026-05-24 12:18:22 [http-nio-8080-exec-1] DEBUG c.n.nexxclinic.auth.JwtService - Converting token info to authenticated user: doctor@email.com
2026-05-24 12:18:22 [http-nio-8080-exec-1] DEBUG c.n.n.config.GraphQlAuthInterceptor - User authenticated: doctor@email.com with roles: [CLINICIAN]
2026-05-24 12:18:22 [http-nio-8080-exec-1] DEBUG c.n.n.security.HasRoleAspect - Access granted: User doctor@email.com called method visit with roles: [CLINICIAN]
2026-05-24 12:18:22 [http-nio-8080-exec-3] DEBUG c.n.nexxclinic.auth.JwtService - Successfully parsed token for principal: doctor@email.com with roles: [CLINICIAN]
2026-05-24 12:18:22 [http-nio-8080-exec-4] DEBUG c.n.nexxclinic.auth.JwtService - Successfully parsed token for principal: doctor@email.com with roles: [CLINICIAN]
2026-05-24 12:18:22 [http-nio-8080-exec-4] DEBUG c.n.n.config.GraphQlAuthInterceptor - Token parsed successfully for user: doctor@email.com
2026-05-24 12:18:22 [http-nio-8080-exec-3] DEBUG c.n.n.config.GraphQlAuthInterceptor - Token parsed successfully for user: doctor@email.com
2026-05-24 12:18:22 [http-nio-8080-exec-4] DEBUG c.n.nexxclinic.auth.JwtService - Converting token info to authenticated user: doctor@email.com
2026-05-24 12:18:22 [http-nio-8080-exec-3] DEBUG c.n.nexxclinic.auth.JwtService - Converting token info to authenticated user: doctor@email.com
2026-05-24 12:18:22 [http-nio-8080-exec-4] DEBUG c.n.n.config.GraphQlAuthInterceptor - User authenticated: doctor@email.com with roles: [CLINICIAN]
2026-05-24 12:18:22 [http-nio-8080-exec-3] DEBUG c.n.n.config.GraphQlAuthInterceptor - User authenticated: doctor@email.com with roles: [CLINICIAN]
2026-05-24 12:18:22 [http-nio-8080-exec-4] DEBUG c.n.n.security.HasRoleAspect - Access granted: User doctor@email.com called method visit with roles: [CLINICIAN]
2026-05-24 12:18:22 [http-nio-8080-exec-3] DEBUG c.n.n.security.HasRoleAspect - Access granted: User doctor@email.com called method getLatestForm with roles: [CLINICIAN]
2026-05-24 12:18:22 [http-nio-8080-exec-5] DEBUG c.n.nexxclinic.auth.JwtService - Successfully parsed token for principal: doctor@email.com with roles: [CLINICIAN]
2026-05-24 12:18:22 [http-nio-8080-exec-5] DEBUG c.n.n.config.GraphQlAuthInterceptor - Token parsed successfully for user: doctor@email.com
2026-05-24 12:18:22 [http-nio-8080-exec-5] DEBUG c.n.nexxclinic.auth.JwtService - Converting token info to authenticated user: doctor@email.com
2026-05-24 12:18:22 [http-nio-8080-exec-5] DEBUG c.n.n.config.GraphQlAuthInterceptor - User authenticated: doctor@email.com with roles: [CLINICIAN]
2026-05-24 12:18:22 [http-nio-8080-exec-5] DEBUG c.n.n.security.HasRoleAspect - Access granted: User doctor@email.com called method getConsultationAnswers with roles: [CLINICIAN]
2026-05-24 12:18:22 [http-nio-8080-exec-6] DEBUG c.n.nexxclinic.auth.JwtService - Successfully parsed token for principal: doctor@email.com with roles: [CLINICIAN]
2026-05-24 12:18:22 [http-nio-8080-exec-6] DEBUG c.n.n.config.GraphQlAuthInterceptor - Token parsed successfully for user: doctor@email.com
2026-05-24 12:18:22 [http-nio-8080-exec-6] DEBUG c.n.nexxclinic.auth.JwtService - Converting token info to authenticated user: doctor@email.com
2026-05-24 12:18:22 [http-nio-8080-exec-6] DEBUG c.n.n.config.GraphQlAuthInterceptor - User authenticated: doctor@email.com with roles: [CLINICIAN]
2026-05-24 12:18:22 [http-nio-8080-exec-6] DEBUG c.n.n.security.HasRoleAspect - Access granted: User doctor@email.com called method upsertConsultationAnswers with roles: [CLINICIAN]
2026-05-24 12:18:22 [http-nio-8080-exec-8] DEBUG c.n.nexxclinic.auth.JwtService - Successfully parsed token for principal: doctor@email.com with roles: [CLINICIAN]
2026-05-24 12:18:22 [http-nio-8080-exec-8] DEBUG c.n.n.config.GraphQlAuthInterceptor - Token parsed successfully for user: doctor@email.com
2026-05-24 12:18:22 [http-nio-8080-exec-8] DEBUG c.n.nexxclinic.auth.JwtService - Converting token info to authenticated user: doctor@email.com
2026-05-24 12:18:22 [http-nio-8080-exec-8] DEBUG c.n.n.config.GraphQlAuthInterceptor - User authenticated: doctor@email.com with roles: [CLINICIAN]
2026-05-24 12:18:22 [http-nio-8080-exec-8] DEBUG c.n.n.security.HasRoleAspect - Access granted: User doctor@email.com called method upsertConsultationAnswers with roles: [CLINICIAN]
2026-05-24 12:18:57 [http-nio-8080-exec-9] DEBUG c.n.n.config.GraphQlAuthInterceptor - No authentication token found in request
2026-05-24 12:18:57 [http-nio-8080-exec-9] INFO  c.n.nexxclinic.service.WorkerService - Login attempt for identifier: admin@email.com
2026-05-24 12:18:57 [http-nio-8080-exec-9] INFO  c.n.nexxclinic.auth.JwtService - Generated access token for user: admin@email.com (ID: 7b1dbb67-4710-43e3-be68-bb61f2acca73) with roles: [ADMIN]
2026-05-24 12:18:57 [http-nio-8080-exec-9] INFO  c.n.nexxclinic.service.WorkerService - User successfully logged in: null (ID: 7b1dbb67-4710-43e3-be68-bb61f2acca73) with roles: [ADMIN]
2026-05-24 12:18:57 [http-nio-8080-exec-10] DEBUG c.n.nexxclinic.auth.JwtService - Successfully parsed token for principal: admin@email.com with roles: [ADMIN]
2026-05-24 12:18:57 [http-nio-8080-exec-2] DEBUG c.n.nexxclinic.auth.JwtService - Successfully parsed token for principal: admin@email.com with roles: [ADMIN]
2026-05-24 12:18:57 [http-nio-8080-exec-10] DEBUG c.n.n.config.GraphQlAuthInterceptor - Token parsed successfully for user: admin@email.com
2026-05-24 12:18:57 [http-nio-8080-exec-10] DEBUG c.n.nexxclinic.auth.JwtService - Converting token info to authenticated user: admin@email.com
2026-05-24 12:18:57 [http-nio-8080-exec-10] DEBUG c.n.n.config.GraphQlAuthInterceptor - User authenticated: admin@email.com with roles: [ADMIN]
2026-05-24 12:18:57 [http-nio-8080-exec-10] DEBUG c.n.n.security.HasRoleAspect - Access granted: User admin@email.com called method visits with roles: [ADMIN]
2026-05-24 12:18:57 [http-nio-8080-exec-2] DEBUG c.n.n.config.GraphQlAuthInterceptor - Token parsed successfully for user: admin@email.com
2026-05-24 12:18:57 [http-nio-8080-exec-2] DEBUG c.n.nexxclinic.auth.JwtService - Converting token info to authenticated user: admin@email.com
2026-05-24 12:18:57 [http-nio-8080-exec-2] DEBUG c.n.n.config.GraphQlAuthInterceptor - User authenticated: admin@email.com with roles: [ADMIN]
2026-05-24 12:19:56 [http-nio-8080-exec-4] DEBUG c.n.nexxclinic.auth.JwtService - Successfully parsed token for principal: admin@email.com with roles: [ADMIN]
2026-05-24 12:19:56 [http-nio-8080-exec-5] DEBUG c.n.nexxclinic.auth.JwtService - Successfully parsed token for principal: admin@email.com with roles: [ADMIN]
2026-05-24 12:19:56 [http-nio-8080-exec-5] DEBUG c.n.n.config.GraphQlAuthInterceptor - Token parsed successfully for user: admin@email.com
2026-05-24 12:19:56 [http-nio-8080-exec-5] DEBUG c.n.nexxclinic.auth.JwtService - Converting token info to authenticated user: admin@email.com
2026-05-24 12:19:56 [http-nio-8080-exec-5] DEBUG c.n.n.config.GraphQlAuthInterceptor - User authenticated: admin@email.com with roles: [ADMIN]
2026-05-24 12:19:56 [http-nio-8080-exec-4] DEBUG c.n.n.config.GraphQlAuthInterceptor - Token parsed successfully for user: admin@email.com
2026-05-24 12:19:56 [http-nio-8080-exec-4] DEBUG c.n.nexxclinic.auth.JwtService - Converting token info to authenticated user: admin@email.com
2026-05-24 12:19:56 [http-nio-8080-exec-4] DEBUG c.n.n.config.GraphQlAuthInterceptor - User authenticated: admin@email.com with roles: [ADMIN]
2026-05-24 12:19:56 [http-nio-8080-exec-4] DEBUG c.n.n.security.HasRoleAspect - Access granted: User admin@email.com called method listUsers with roles: [ADMIN]
2026-05-24 12:19:56 [http-nio-8080-exec-5] DEBUG c.n.n.security.HasRoleAspect - Access granted: User admin@email.com called method departments with roles: [ADMIN]
2026-05-24 12:19:59 [http-nio-8080-exec-6] DEBUG c.n.nexxclinic.auth.JwtService - Successfully parsed token for principal: admin@email.com with roles: [ADMIN]
2026-05-24 12:19:59 [http-nio-8080-exec-8] DEBUG c.n.nexxclinic.auth.JwtService - Successfully parsed token for principal: admin@email.com with roles: [ADMIN]
2026-05-24 12:19:59 [http-nio-8080-exec-7] DEBUG c.n.nexxclinic.auth.JwtService - Successfully parsed token for principal: admin@email.com with roles: [ADMIN]
2026-05-24 12:19:59 [http-nio-8080-exec-6] DEBUG c.n.n.config.GraphQlAuthInterceptor - Token parsed successfully for user: admin@email.com
2026-05-24 12:19:59 [http-nio-8080-exec-8] DEBUG c.n.n.config.GraphQlAuthInterceptor - Token parsed successfully for user: admin@email.com
2026-05-24 12:19:59 [http-nio-8080-exec-6] DEBUG c.n.nexxclinic.auth.JwtService - Converting token info to authenticated user: admin@email.com
2026-05-24 12:19:59 [http-nio-8080-exec-8] DEBUG c.n.nexxclinic.auth.JwtService - Converting token info to authenticated user: admin@email.com
2026-05-24 12:19:59 [http-nio-8080-exec-6] DEBUG c.n.n.config.GraphQlAuthInterceptor - User authenticated: admin@email.com with roles: [ADMIN]
2026-05-24 12:19:59 [http-nio-8080-exec-8] DEBUG c.n.n.config.GraphQlAuthInterceptor - User authenticated: admin@email.com with roles: [ADMIN]
2026-05-24 12:19:59 [http-nio-8080-exec-6] DEBUG c.n.n.security.HasRoleAspect - Access granted: User admin@email.com called method departments with roles: [ADMIN]
2026-05-24 12:19:59 [http-nio-8080-exec-8] DEBUG c.n.n.security.HasRoleAspect - Access granted: User admin@email.com called method products with roles: [ADMIN]
2026-05-24 12:19:59 [http-nio-8080-exec-7] DEBUG c.n.n.config.GraphQlAuthInterceptor - Token parsed successfully for user: admin@email.com
2026-05-24 12:19:59 [http-nio-8080-exec-7] DEBUG c.n.nexxclinic.auth.JwtService - Converting token info to authenticated user: admin@email.com
2026-05-24 12:19:59 [http-nio-8080-exec-7] DEBUG c.n.n.config.GraphQlAuthInterceptor - User authenticated: admin@email.com with roles: [ADMIN]
2026-05-24 12:19:59 [http-nio-8080-exec-7] DEBUG c.n.n.security.HasRoleAspect - Access granted: User admin@email.com called method insuranceProviders with roles: [ADMIN]
2026-05-24 12:20:04 [http-nio-8080-exec-10] DEBUG c.n.nexxclinic.auth.JwtService - Successfully parsed token for principal: admin@email.com with roles: [ADMIN]
2026-05-24 12:20:04 [http-nio-8080-exec-3] DEBUG c.n.nexxclinic.auth.JwtService - Successfully parsed token for principal: admin@email.com with roles: [ADMIN]
2026-05-24 12:20:04 [http-nio-8080-exec-10] DEBUG c.n.n.config.GraphQlAuthInterceptor - Token parsed successfully for user: admin@email.com
2026-05-24 12:20:04 [http-nio-8080-exec-10] DEBUG c.n.nexxclinic.auth.JwtService - Converting token info to authenticated user: admin@email.com
2026-05-24 12:20:04 [http-nio-8080-exec-10] DEBUG c.n.n.config.GraphQlAuthInterceptor - User authenticated: admin@email.com with roles: [ADMIN]
2026-05-24 12:20:04 [http-nio-8080-exec-3] DEBUG c.n.n.config.GraphQlAuthInterceptor - Token parsed successfully for user: admin@email.com
2026-05-24 12:20:04 [http-nio-8080-exec-3] DEBUG c.n.nexxclinic.auth.JwtService - Converting token info to authenticated user: admin@email.com
2026-05-24 12:20:04 [http-nio-8080-exec-3] DEBUG c.n.n.config.GraphQlAuthInterceptor - User authenticated: admin@email.com with roles: [ADMIN]
2026-05-24 12:20:04 [http-nio-8080-exec-3] DEBUG c.n.n.security.HasRoleAspect - Access granted: User admin@email.com called method getForms with roles: [ADMIN]
2026-05-24 12:20:04 [http-nio-8080-exec-10] DEBUG c.n.n.security.HasRoleAspect - Access granted: User admin@email.com called method departments with roles: [ADMIN]
2026-05-24 12:20:08 [http-nio-8080-exec-1] DEBUG c.n.nexxclinic.auth.JwtService - Successfully parsed token for principal: admin@email.com with roles: [ADMIN]
2026-05-24 12:20:08 [http-nio-8080-exec-4] DEBUG c.n.nexxclinic.auth.JwtService - Successfully parsed token for principal: admin@email.com with roles: [ADMIN]
2026-05-24 12:20:08 [http-nio-8080-exec-5] DEBUG c.n.nexxclinic.auth.JwtService - Successfully parsed token for principal: admin@email.com with roles: [ADMIN]
2026-05-24 12:20:08 [http-nio-8080-exec-1] DEBUG c.n.n.config.GraphQlAuthInterceptor - Token parsed successfully for user: admin@email.com
2026-05-24 12:20:08 [http-nio-8080-exec-5] DEBUG c.n.n.config.GraphQlAuthInterceptor - Token parsed successfully for user: admin@email.com
2026-05-24 12:20:08 [http-nio-8080-exec-4] DEBUG c.n.n.config.GraphQlAuthInterceptor - Token parsed successfully for user: admin@email.com
2026-05-24 12:20:08 [http-nio-8080-exec-1] DEBUG c.n.nexxclinic.auth.JwtService - Converting token info to authenticated user: admin@email.com
2026-05-24 12:20:08 [http-nio-8080-exec-5] DEBUG c.n.nexxclinic.auth.JwtService - Converting token info to authenticated user: admin@email.com
2026-05-24 12:20:08 [http-nio-8080-exec-4] DEBUG c.n.nexxclinic.auth.JwtService - Converting token info to authenticated user: admin@email.com
2026-05-24 12:20:08 [http-nio-8080-exec-1] DEBUG c.n.n.config.GraphQlAuthInterceptor - User authenticated: admin@email.com with roles: [ADMIN]
2026-05-24 12:20:08 [http-nio-8080-exec-5] DEBUG c.n.n.config.GraphQlAuthInterceptor - User authenticated: admin@email.com with roles: [ADMIN]
2026-05-24 12:20:08 [http-nio-8080-exec-4] DEBUG c.n.n.config.GraphQlAuthInterceptor - User authenticated: admin@email.com with roles: [ADMIN]
2026-05-24 12:20:08 [http-nio-8080-exec-5] DEBUG c.n.n.security.HasRoleAspect - Access granted: User admin@email.com called method products with roles: [ADMIN]
2026-05-24 12:20:08 [http-nio-8080-exec-4] DEBUG c.n.n.security.HasRoleAspect - Access granted: User admin@email.com called method insuranceProviders with roles: [ADMIN]
2026-05-24 12:20:08 [http-nio-8080-exec-1] DEBUG c.n.n.security.HasRoleAspect - Access granted: User admin@email.com called method departments with roles: [ADMIN]
2026-05-24 12:20:40 [http-nio-8080-exec-8] DEBUG c.n.nexxclinic.auth.JwtService - Successfully parsed token for principal: admin@email.com with roles: [ADMIN]
2026-05-24 12:20:40 [http-nio-8080-exec-9] DEBUG c.n.nexxclinic.auth.JwtService - Successfully parsed token for principal: admin@email.com with roles: [ADMIN]
2026-05-24 12:20:40 [http-nio-8080-exec-8] DEBUG c.n.n.config.GraphQlAuthInterceptor - Token parsed successfully for user: admin@email.com
2026-05-24 12:20:40 [http-nio-8080-exec-9] DEBUG c.n.n.config.GraphQlAuthInterceptor - Token parsed successfully for user: admin@email.com
2026-05-24 12:20:40 [http-nio-8080-exec-8] DEBUG c.n.nexxclinic.auth.JwtService - Converting token info to authenticated user: admin@email.com
2026-05-24 12:20:40 [http-nio-8080-exec-9] DEBUG c.n.nexxclinic.auth.JwtService - Converting token info to authenticated user: admin@email.com
2026-05-24 12:20:40 [http-nio-8080-exec-8] DEBUG c.n.n.config.GraphQlAuthInterceptor - User authenticated: admin@email.com with roles: [ADMIN]
2026-05-24 12:20:40 [http-nio-8080-exec-9] DEBUG c.n.n.config.GraphQlAuthInterceptor - User authenticated: admin@email.com with roles: [ADMIN]
2026-05-24 12:20:40 [http-nio-8080-exec-9] DEBUG c.n.n.security.HasRoleAspect - Access granted: User admin@email.com called method departments with roles: [ADMIN]
2026-05-24 12:20:40 [http-nio-8080-exec-8] DEBUG c.n.n.security.HasRoleAspect - Access granted: User admin@email.com called method getForms with roles: [ADMIN]
2026-05-24 12:20:42 [http-nio-8080-exec-2] DEBUG c.n.nexxclinic.auth.JwtService - Successfully parsed token for principal: admin@email.com with roles: [ADMIN]
2026-05-24 12:20:42 [http-nio-8080-exec-3] DEBUG c.n.nexxclinic.auth.JwtService - Successfully parsed token for principal: admin@email.com with roles: [ADMIN]
2026-05-24 12:20:42 [http-nio-8080-exec-2] DEBUG c.n.n.config.GraphQlAuthInterceptor - Token parsed successfully for user: admin@email.com
2026-05-24 12:20:42 [http-nio-8080-exec-2] DEBUG c.n.nexxclinic.auth.JwtService - Converting token info to authenticated user: admin@email.com
2026-05-24 12:20:42 [http-nio-8080-exec-3] DEBUG c.n.n.config.GraphQlAuthInterceptor - Token parsed successfully for user: admin@email.com
2026-05-24 12:20:42 [http-nio-8080-exec-2] DEBUG c.n.n.config.GraphQlAuthInterceptor - User authenticated: admin@email.com with roles: [ADMIN]
2026-05-24 12:20:42 [http-nio-8080-exec-3] DEBUG c.n.nexxclinic.auth.JwtService - Converting token info to authenticated user: admin@email.com
2026-05-24 12:20:42 [http-nio-8080-exec-3] DEBUG c.n.n.config.GraphQlAuthInterceptor - User authenticated: admin@email.com with roles: [ADMIN]
2026-05-24 12:20:42 [http-nio-8080-exec-3] DEBUG c.n.n.security.HasRoleAspect - Access granted: User admin@email.com called method getForms with roles: [ADMIN]
2026-05-24 12:20:42 [http-nio-8080-exec-2] DEBUG c.n.n.security.HasRoleAspect - Access granted: User admin@email.com called method departments with roles: [ADMIN]
2026-05-24 12:24:12 [http-nio-8080-exec-7] DEBUG c.n.nexxclinic.auth.JwtService - Successfully parsed token for principal: admin@email.com with roles: [ADMIN]
2026-05-24 12:24:12 [http-nio-8080-exec-7] DEBUG c.n.n.config.GraphQlAuthInterceptor - Token parsed successfully for user: admin@email.com
2026-05-24 12:24:12 [http-nio-8080-exec-7] DEBUG c.n.nexxclinic.auth.JwtService - Converting token info to authenticated user: admin@email.com
2026-05-24 12:24:12 [http-nio-8080-exec-7] DEBUG c.n.n.config.GraphQlAuthInterceptor - User authenticated: admin@email.com with roles: [ADMIN]
2026-05-24 12:24:12 [http-nio-8080-exec-7] DEBUG c.n.n.security.HasRoleAspect - Access granted: User admin@email.com called method products with roles: [ADMIN]
2026-05-24 12:27:09 [http-nio-8080-exec-3] DEBUG c.n.nexxclinic.auth.JwtService - Successfully parsed token for principal: admin@email.com with roles: [ADMIN]
2026-05-24 12:27:09 [http-nio-8080-exec-3] DEBUG c.n.n.config.GraphQlAuthInterceptor - Token parsed successfully for user: admin@email.com
2026-05-24 12:27:09 [http-nio-8080-exec-3] DEBUG c.n.nexxclinic.auth.JwtService - Converting token info to authenticated user: admin@email.com
2026-05-24 12:27:09 [http-nio-8080-exec-3] DEBUG c.n.n.config.GraphQlAuthInterceptor - User authenticated: admin@email.com with roles: [ADMIN]
2026-05-24 12:27:09 [http-nio-8080-exec-3] DEBUG c.n.n.security.HasRoleAspect - Access granted: User admin@email.com called method products with roles: [ADMIN]
2026-05-24 12:27:10 [http-nio-8080-exec-2] DEBUG c.n.nexxclinic.auth.JwtService - Successfully parsed token for principal: admin@email.com with roles: [ADMIN]
2026-05-24 12:27:10 [http-nio-8080-exec-2] DEBUG c.n.n.config.GraphQlAuthInterceptor - Token parsed successfully for user: admin@email.com
2026-05-24 12:27:10 [http-nio-8080-exec-2] DEBUG c.n.nexxclinic.auth.JwtService - Converting token info to authenticated user: admin@email.com
2026-05-24 12:27:10 [http-nio-8080-exec-2] DEBUG c.n.n.config.GraphQlAuthInterceptor - User authenticated: admin@email.com with roles: [ADMIN]
2026-05-24 12:27:10 [http-nio-8080-exec-2] DEBUG c.n.n.security.HasRoleAspect - Access granted: User admin@email.com called method products with roles: [ADMIN]
2026-05-24 12:27:13 [http-nio-8080-exec-10] DEBUG c.n.nexxclinic.auth.JwtService - Successfully parsed token for principal: admin@email.com with roles: [ADMIN]
2026-05-24 12:27:13 [http-nio-8080-exec-10] DEBUG c.n.n.config.GraphQlAuthInterceptor - Token parsed successfully for user: admin@email.com
2026-05-24 12:27:13 [http-nio-8080-exec-10] DEBUG c.n.nexxclinic.auth.JwtService - Converting token info to authenticated user: admin@email.com
2026-05-24 12:27:13 [http-nio-8080-exec-10] DEBUG c.n.n.config.GraphQlAuthInterceptor - User authenticated: admin@email.com with roles: [ADMIN]
2026-05-24 12:27:13 [http-nio-8080-exec-10] DEBUG c.n.n.security.HasRoleAspect - Access granted: User admin@email.com called method products with roles: [ADMIN]
2026-05-24 12:27:33 [http-nio-8080-exec-4] DEBUG c.n.nexxclinic.auth.JwtService - Successfully parsed token for principal: admin@email.com with roles: [ADMIN]
2026-05-24 12:27:33 [http-nio-8080-exec-4] DEBUG c.n.n.config.GraphQlAuthInterceptor - Token parsed successfully for user: admin@email.com
2026-05-24 12:27:33 [http-nio-8080-exec-4] DEBUG c.n.nexxclinic.auth.JwtService - Converting token info to authenticated user: admin@email.com
2026-05-24 12:27:33 [http-nio-8080-exec-4] DEBUG c.n.n.config.GraphQlAuthInterceptor - User authenticated: admin@email.com with roles: [ADMIN]
2026-05-24 12:27:33 [http-nio-8080-exec-4] DEBUG c.n.n.security.HasRoleAspect - Access granted: User admin@email.com called method products with roles: [ADMIN]
2026-05-24 12:37:32 [HikariPool-1:housekeeper] WARN  com.zaxxer.hikari.pool.HikariPool - HikariPool-1 - Thread starvation or clock leap detected (housekeeper delta=5m18s727ms).
2026-05-24 12:53:06 [HikariPool-1:housekeeper] WARN  com.zaxxer.hikari.pool.PoolBase - HikariPool-1 - Failed to validate connection org.postgresql.jdbc.PgConnection@17c46d2c (This connection has been closed.). Possibly consider using a shorter maxLifetime value.
2026-05-24 12:53:06 [HikariPool-1:housekeeper] WARN  com.zaxxer.hikari.pool.HikariPool - HikariPool-1 - Thread starvation or clock leap detected (housekeeper delta=15m33s202ms).
2026-05-24 13:23:18 [HikariPool-1:housekeeper] WARN  com.zaxxer.hikari.pool.PoolBase - HikariPool-1 - Failed to validate connection org.postgresql.jdbc.PgConnection@3cd167cd (This connection has been closed.). Possibly consider using a shorter maxLifetime value.
2026-05-24 13:23:23 [HikariPool-1:housekeeper] WARN  com.zaxxer.hikari.pool.PoolBase - HikariPool-1 - Failed to validate connection org.postgresql.jdbc.PgConnection@6d63c7e4 (This connection has been closed.). Possibly consider using a shorter maxLifetime value.
2026-05-24 13:23:29 [HikariPool-1:housekeeper] WARN  com.zaxxer.hikari.pool.PoolBase - HikariPool-1 - Failed to validate connection org.postgresql.jdbc.PgConnection@d5964d6 (This connection has been closed.). Possibly consider using a shorter maxLifetime value.
2026-05-24 13:23:34 [HikariPool-1:housekeeper] WARN  com.zaxxer.hikari.pool.PoolBase - HikariPool-1 - Failed to validate connection org.postgresql.jdbc.PgConnection@b6cca26 (This connection has been closed.). Possibly consider using a shorter maxLifetime value.
2026-05-24 13:28:55 [HikariPool-1:housekeeper] WARN  com.zaxxer.hikari.pool.PoolBase - HikariPool-1 - Failed to validate connection org.postgresql.jdbc.PgConnection@3d053e2 (This connection has been closed.). Possibly consider using a shorter maxLifetime value.
2026-05-24 13:28:55 [HikariPool-1:housekeeper] WARN  com.zaxxer.hikari.pool.HikariPool - HikariPool-1 - Thread starvation or clock leap detected (housekeeper delta=35m49s592ms).
2026-05-24 13:29:02 [HikariPool-1:housekeeper] WARN  com.zaxxer.hikari.pool.PoolBase - HikariPool-1 - Failed to validate connection org.postgresql.jdbc.PgConnection@73c2e5d9 (This connection has been closed.). Possibly consider using a shorter maxLifetime value.
2026-05-24 14:03:51 [http-nio-8080-exec-3] DEBUG c.n.nexxclinic.auth.JwtService - Successfully parsed token for principal: admin@email.com with roles: [ADMIN]
2026-05-24 14:03:51 [http-nio-8080-exec-9] DEBUG c.n.nexxclinic.auth.JwtService - Successfully parsed token for principal: admin@email.com with roles: [ADMIN]
2026-05-24 14:03:51 [http-nio-8080-exec-3] DEBUG c.n.n.config.GraphQlAuthInterceptor - Token parsed successfully for user: admin@email.com
2026-05-24 14:03:51 [http-nio-8080-exec-9] DEBUG c.n.n.config.GraphQlAuthInterceptor - Token parsed successfully for user: admin@email.com
2026-05-24 14:03:51 [http-nio-8080-exec-3] DEBUG c.n.nexxclinic.auth.JwtService - Converting token info to authenticated user: admin@email.com
2026-05-24 14:03:51 [http-nio-8080-exec-9] DEBUG c.n.nexxclinic.auth.JwtService - Converting token info to authenticated user: admin@email.com
2026-05-24 14:03:51 [http-nio-8080-exec-9] DEBUG c.n.n.config.GraphQlAuthInterceptor - User authenticated: admin@email.com with roles: [ADMIN]
2026-05-24 14:03:51 [http-nio-8080-exec-3] DEBUG c.n.n.config.GraphQlAuthInterceptor - User authenticated: admin@email.com with roles: [ADMIN]
2026-05-24 14:03:51 [http-nio-8080-exec-3] DEBUG c.n.n.security.HasRoleAspect - Access granted: User admin@email.com called method getForms with roles: [ADMIN]
2026-05-24 14:03:51 [http-nio-8080-exec-9] DEBUG c.n.n.security.HasRoleAspect - Access granted: User admin@email.com called method departments with roles: [ADMIN]
2026-05-24 17:15:46 [HikariPool-1:housekeeper] WARN  com.zaxxer.hikari.pool.HikariPool - HikariPool-1 - Thread starvation or clock leap detected (housekeeper delta=5m46s864ms).
2026-05-24 18:09:23 [HikariPool-1:housekeeper] WARN  com.zaxxer.hikari.pool.HikariPool - HikariPool-1 - Thread starvation or clock leap detected (housekeeper delta=53m37s380ms).
2026-05-24 18:16:04 [HikariPool-1:housekeeper] WARN  com.zaxxer.hikari.pool.PoolBase - HikariPool-1 - Failed to validate connection org.postgresql.jdbc.PgConnection@68b69f6c (This connection has been closed.). Possibly consider using a shorter maxLifetime value.
2026-05-24 18:21:13 [HikariPool-1:housekeeper] WARN  com.zaxxer.hikari.pool.PoolBase - HikariPool-1 - Failed to validate connection org.postgresql.jdbc.PgConnection@3e4fb0eb (This connection has been closed.). Possibly consider using a shorter maxLifetime value.
2026-05-24 18:21:18 [HikariPool-1:housekeeper] WARN  com.zaxxer.hikari.pool.PoolBase - HikariPool-1 - Failed to validate connection org.postgresql.jdbc.PgConnection@17c7dc08 (This connection has been closed.). Possibly consider using a shorter maxLifetime value.
2026-05-24 18:21:18 [HikariPool-1:housekeeper] WARN  com.zaxxer.hikari.pool.HikariPool - HikariPool-1 - Thread starvation or clock leap detected (housekeeper delta=11m54s511ms).
2026-05-24 18:21:28 [HikariPool-1:housekeeper] WARN  com.zaxxer.hikari.pool.PoolBase - HikariPool-1 - Failed to validate connection org.postgresql.jdbc.PgConnection@329a6261 (This connection has been closed.). Possibly consider using a shorter maxLifetime value.
2026-05-24 18:21:34 [HikariPool-1:housekeeper] WARN  com.zaxxer.hikari.pool.PoolBase - HikariPool-1 - Failed to validate connection org.postgresql.jdbc.PgConnection@900dc1d (This connection has been closed.). Possibly consider using a shorter maxLifetime value.
2026-05-24 18:23:21 [HikariPool-1:housekeeper] WARN  com.zaxxer.hikari.pool.HikariPool - HikariPool-1 - Thread starvation or clock leap detected (housekeeper delta=2m3s96ms).
2026-05-24 18:38:54 [HikariPool-1:housekeeper] WARN  com.zaxxer.hikari.pool.PoolBase - HikariPool-1 - Failed to validate connection org.postgresql.jdbc.PgConnection@41e691b3 (This connection has been closed.). Possibly consider using a shorter maxLifetime value.
2026-05-24 18:38:59 [HikariPool-1:housekeeper] WARN  com.zaxxer.hikari.pool.PoolBase - HikariPool-1 - Failed to validate connection org.postgresql.jdbc.PgConnection@35c2361e (This connection has been closed.). Possibly consider using a shorter maxLifetime value.
2026-05-24 18:39:38 [HikariPool-1:housekeeper] WARN  com.zaxxer.hikari.pool.PoolBase - HikariPool-1 - Failed to validate connection org.postgresql.jdbc.PgConnection@66aaa521 (This connection has been closed.). Possibly consider using a shorter maxLifetime value.
2026-05-24 18:39:43 [HikariPool-1:housekeeper] WARN  com.zaxxer.hikari.pool.PoolBase - HikariPool-1 - Failed to validate connection org.postgresql.jdbc.PgConnection@46e7ba3f (This connection has been closed.). Possibly consider using a shorter maxLifetime value.
2026-05-24 18:40:04 [HikariPool-1:housekeeper] WARN  com.zaxxer.hikari.pool.PoolBase - HikariPool-1 - Failed to validate connection org.postgresql.jdbc.PgConnection@62b1163b (This connection has been closed.). Possibly consider using a shorter maxLifetime value.
2026-05-24 18:40:04 [HikariPool-1:housekeeper] WARN  com.zaxxer.hikari.pool.HikariPool - HikariPool-1 - Thread starvation or clock leap detected (housekeeper delta=16m43s177ms).
2026-05-24 18:40:13 [HikariPool-1:connection-adder] WARN  com.zaxxer.hikari.pool.PoolBase - HikariPool-1 - Pool is empty, failed to create/setup connection (1c7eaf4e-75c3-41ce-9bb3-4322b730d6d9)
org.postgresql.util.PSQLException: The connection attempt failed.
	at org.postgresql.core.v3.ConnectionFactoryImpl.openConnectionImpl(ConnectionFactoryImpl.java:385)
	at org.postgresql.core.ConnectionFactory.openConnection(ConnectionFactory.java:57)
	at org.postgresql.jdbc.PgConnection.<init>(PgConnection.java:290)
	at org.postgresql.Driver.makeConnection(Driver.java:448)
	at org.postgresql.Driver.connect(Driver.java:298)
	at com.zaxxer.hikari.util.DriverDataSource.getConnection(DriverDataSource.java:144)
	at com.zaxxer.hikari.pool.PoolBase.newConnection(PoolBase.java:373)
	at com.zaxxer.hikari.pool.PoolBase.newPoolEntry(PoolBase.java:210)
	at com.zaxxer.hikari.pool.HikariPool.createPoolEntry(HikariPool.java:488)
	at com.zaxxer.hikari.pool.HikariPool$PoolEntryCreator.call(HikariPool.java:752)
	at com.zaxxer.hikari.pool.HikariPool$PoolEntryCreator.call(HikariPool.java:731)
	at java.base/java.util.concurrent.FutureTask.run(FutureTask.java:317)
	at java.base/java.util.concurrent.ThreadPoolExecutor.runWorker(ThreadPoolExecutor.java:1144)
	at java.base/java.util.concurrent.ThreadPoolExecutor$Worker.run(ThreadPoolExecutor.java:642)
	at java.base/java.lang.Thread.run(Thread.java:1583)
Caused by: java.net.SocketTimeoutException: Read timed out
	at java.base/sun.nio.ch.NioSocketImpl.timedRead(NioSocketImpl.java:278)
	at java.base/sun.nio.ch.NioSocketImpl.implRead(NioSocketImpl.java:304)
	at java.base/sun.nio.ch.NioSocketImpl.read(NioSocketImpl.java:346)
	at java.base/sun.nio.ch.NioSocketImpl$1.read(NioSocketImpl.java:796)
	at java.base/java.net.Socket$SocketInputStream.read(Socket.java:1099)
	at org.postgresql.core.VisibleBufferedInputStream.readMore(VisibleBufferedInputStream.java:192)
	at org.postgresql.core.VisibleBufferedInputStream.ensureBytes(VisibleBufferedInputStream.java:159)
	at org.postgresql.core.VisibleBufferedInputStream.ensureBytes(VisibleBufferedInputStream.java:144)
	at org.postgresql.core.VisibleBufferedInputStream.read(VisibleBufferedInputStream.java:76)
	at org.postgresql.core.PGStream.receiveChar(PGStream.java:477)
	at org.postgresql.core.v3.ConnectionFactoryImpl.enableSSL(ConnectionFactoryImpl.java:627)
	at org.postgresql.core.v3.ConnectionFactoryImpl.tryConnect(ConnectionFactoryImpl.java:207)
	at org.postgresql.core.v3.ConnectionFactoryImpl.openConnectionImpl(ConnectionFactoryImpl.java:289)
	... 14 common frames omitted
2026-05-24 19:10:53 [HikariPool-1:connection-adder] WARN  com.zaxxer.hikari.pool.PoolBase - HikariPool-1 - Pool is empty, failed to create/setup connection (755cf4fa-242f-4331-8829-53f4d7f9d639)
org.postgresql.util.PSQLException: The connection attempt failed.
	at org.postgresql.core.v3.ConnectionFactoryImpl.openConnectionImpl(ConnectionFactoryImpl.java:385)
	at org.postgresql.core.ConnectionFactory.openConnection(ConnectionFactory.java:57)
	at org.postgresql.jdbc.PgConnection.<init>(PgConnection.java:290)
	at org.postgresql.Driver.makeConnection(Driver.java:448)
	at org.postgresql.Driver.connect(Driver.java:298)
	at com.zaxxer.hikari.util.DriverDataSource.getConnection(DriverDataSource.java:144)
	at com.zaxxer.hikari.pool.PoolBase.newConnection(PoolBase.java:373)
	at com.zaxxer.hikari.pool.PoolBase.newPoolEntry(PoolBase.java:210)
	at com.zaxxer.hikari.pool.HikariPool.createPoolEntry(HikariPool.java:488)
	at com.zaxxer.hikari.pool.HikariPool$PoolEntryCreator.call(HikariPool.java:752)
	at com.zaxxer.hikari.pool.HikariPool$PoolEntryCreator.call(HikariPool.java:731)
	at java.base/java.util.concurrent.FutureTask.run(FutureTask.java:317)
	at java.base/java.util.concurrent.ThreadPoolExecutor.runWorker(ThreadPoolExecutor.java:1144)
	at java.base/java.util.concurrent.ThreadPoolExecutor$Worker.run(ThreadPoolExecutor.java:642)
	at java.base/java.lang.Thread.run(Thread.java:1583)
Caused by: java.net.SocketTimeoutException: Read timed out
	at java.base/sun.nio.ch.NioSocketImpl.timedRead(NioSocketImpl.java:278)
	at java.base/sun.nio.ch.NioSocketImpl.implRead(NioSocketImpl.java:304)
	at java.base/sun.nio.ch.NioSocketImpl.read(NioSocketImpl.java:346)
	at java.base/sun.nio.ch.NioSocketImpl$1.read(NioSocketImpl.java:796)
	at java.base/java.net.Socket$SocketInputStream.read(Socket.java:1099)
	at org.postgresql.core.VisibleBufferedInputStream.readMore(VisibleBufferedInputStream.java:192)
	at org.postgresql.core.VisibleBufferedInputStream.ensureBytes(VisibleBufferedInputStream.java:159)
	at org.postgresql.core.VisibleBufferedInputStream.ensureBytes(VisibleBufferedInputStream.java:144)
	at org.postgresql.core.VisibleBufferedInputStream.read(VisibleBufferedInputStream.java:76)
	at org.postgresql.core.PGStream.receiveChar(PGStream.java:477)
	at org.postgresql.core.v3.ConnectionFactoryImpl.enableSSL(ConnectionFactoryImpl.java:627)
	at org.postgresql.core.v3.ConnectionFactoryImpl.tryConnect(ConnectionFactoryImpl.java:207)
	at org.postgresql.core.v3.ConnectionFactoryImpl.openConnectionImpl(ConnectionFactoryImpl.java:289)
	... 14 common frames omitted
2026-05-24 19:26:55 [HikariPool-1:housekeeper] WARN  com.zaxxer.hikari.pool.HikariPool - HikariPool-1 - Thread starvation or clock leap detected (housekeeper delta=46m51s28ms).
2026-05-24 19:43:48 [HikariPool-1:connection-adder] WARN  com.zaxxer.hikari.pool.PoolBase - HikariPool-1 - Pool is empty, failed to create/setup connection (f115829b-080d-4fd5-bb42-25bf76a52f40)
org.postgresql.util.PSQLException: The connection attempt failed.
	at org.postgresql.core.v3.ConnectionFactoryImpl.openConnectionImpl(ConnectionFactoryImpl.java:385)
	at org.postgresql.core.ConnectionFactory.openConnection(ConnectionFactory.java:57)
	at org.postgresql.jdbc.PgConnection.<init>(PgConnection.java:290)
	at org.postgresql.Driver.makeConnection(Driver.java:448)
	at org.postgresql.Driver.connect(Driver.java:298)
	at com.zaxxer.hikari.util.DriverDataSource.getConnection(DriverDataSource.java:144)
	at com.zaxxer.hikari.pool.PoolBase.newConnection(PoolBase.java:373)
	at com.zaxxer.hikari.pool.PoolBase.newPoolEntry(PoolBase.java:210)
	at com.zaxxer.hikari.pool.HikariPool.createPoolEntry(HikariPool.java:488)
	at com.zaxxer.hikari.pool.HikariPool$PoolEntryCreator.call(HikariPool.java:752)
	at com.zaxxer.hikari.pool.HikariPool$PoolEntryCreator.call(HikariPool.java:731)
	at java.base/java.util.concurrent.FutureTask.run(FutureTask.java:317)
	at java.base/java.util.concurrent.ThreadPoolExecutor.runWorker(ThreadPoolExecutor.java:1144)
	at java.base/java.util.concurrent.ThreadPoolExecutor$Worker.run(ThreadPoolExecutor.java:642)
	at java.base/java.lang.Thread.run(Thread.java:1583)
Caused by: java.net.SocketTimeoutException: Read timed out
	at java.base/sun.nio.ch.NioSocketImpl.timedRead(NioSocketImpl.java:278)
	at java.base/sun.nio.ch.NioSocketImpl.implRead(NioSocketImpl.java:304)
	at java.base/sun.nio.ch.NioSocketImpl.read(NioSocketImpl.java:346)
	at java.base/sun.nio.ch.NioSocketImpl$1.read(NioSocketImpl.java:796)
	at java.base/java.net.Socket$SocketInputStream.read(Socket.java:1099)
	at org.postgresql.core.VisibleBufferedInputStream.readMore(VisibleBufferedInputStream.java:192)
	at org.postgresql.core.VisibleBufferedInputStream.ensureBytes(VisibleBufferedInputStream.java:159)
	at org.postgresql.core.VisibleBufferedInputStream.ensureBytes(VisibleBufferedInputStream.java:144)
	at org.postgresql.core.VisibleBufferedInputStream.read(VisibleBufferedInputStream.java:76)
	at org.postgresql.core.PGStream.receiveChar(PGStream.java:477)
	at org.postgresql.core.v3.ConnectionFactoryImpl.enableSSL(ConnectionFactoryImpl.java:627)
	at org.postgresql.core.v3.ConnectionFactoryImpl.tryConnect(ConnectionFactoryImpl.java:207)
	at org.postgresql.core.v3.ConnectionFactoryImpl.openConnectionImpl(ConnectionFactoryImpl.java:289)
	... 14 common frames omitted
2026-05-24 20:11:53 [HikariPool-1:connection-adder] WARN  com.zaxxer.hikari.pool.PoolBase - HikariPool-1 - Pool is empty, failed to create/setup connection (24c27b46-2e37-49f7-9445-c70c6783085d)
org.postgresql.util.PSQLException: The connection attempt failed.
	at org.postgresql.core.v3.ConnectionFactoryImpl.openConnectionImpl(ConnectionFactoryImpl.java:385)
	at org.postgresql.core.ConnectionFactory.openConnection(ConnectionFactory.java:57)
	at org.postgresql.jdbc.PgConnection.<init>(PgConnection.java:290)
	at org.postgresql.Driver.makeConnection(Driver.java:448)
	at org.postgresql.Driver.connect(Driver.java:298)
	at com.zaxxer.hikari.util.DriverDataSource.getConnection(DriverDataSource.java:144)
	at com.zaxxer.hikari.pool.PoolBase.newConnection(PoolBase.java:373)
	at com.zaxxer.hikari.pool.PoolBase.newPoolEntry(PoolBase.java:210)
	at com.zaxxer.hikari.pool.HikariPool.createPoolEntry(HikariPool.java:488)
	at com.zaxxer.hikari.pool.HikariPool$PoolEntryCreator.call(HikariPool.java:752)
	at com.zaxxer.hikari.pool.HikariPool$PoolEntryCreator.call(HikariPool.java:731)
	at java.base/java.util.concurrent.FutureTask.run(FutureTask.java:317)
	at java.base/java.util.concurrent.ThreadPoolExecutor.runWorker(ThreadPoolExecutor.java:1144)
	at java.base/java.util.concurrent.ThreadPoolExecutor$Worker.run(ThreadPoolExecutor.java:642)
	at java.base/java.lang.Thread.run(Thread.java:1583)
Caused by: java.net.SocketTimeoutException: Read timed out
	at java.base/sun.nio.ch.NioSocketImpl.timedRead(NioSocketImpl.java:278)
	at java.base/sun.nio.ch.NioSocketImpl.implRead(NioSocketImpl.java:304)
	at java.base/sun.nio.ch.NioSocketImpl.read(NioSocketImpl.java:346)
	at java.base/sun.nio.ch.NioSocketImpl$1.read(NioSocketImpl.java:796)
	at java.base/java.net.Socket$SocketInputStream.read(Socket.java:1099)
	at org.postgresql.core.VisibleBufferedInputStream.readMore(VisibleBufferedInputStream.java:192)
	at org.postgresql.core.VisibleBufferedInputStream.ensureBytes(VisibleBufferedInputStream.java:159)
	at org.postgresql.core.VisibleBufferedInputStream.ensureBytes(VisibleBufferedInputStream.java:144)
	at org.postgresql.core.VisibleBufferedInputStream.read(VisibleBufferedInputStream.java:76)
	at org.postgresql.core.PGStream.receiveChar(PGStream.java:477)
	at org.postgresql.core.v3.ConnectionFactoryImpl.enableSSL(ConnectionFactoryImpl.java:627)
	at org.postgresql.core.v3.ConnectionFactoryImpl.tryConnect(ConnectionFactoryImpl.java:207)
	at org.postgresql.core.v3.ConnectionFactoryImpl.openConnectionImpl(ConnectionFactoryImpl.java:289)
	... 14 common frames omitted
2026-05-24 20:20:32 [HikariPool-1:connection-adder] WARN  com.zaxxer.hikari.pool.PoolBase - HikariPool-1 - Pool is empty, failed to create/setup connection (3f253b27-011a-4409-9319-4cab73056435)
org.postgresql.util.PSQLException: The connection attempt failed.
	at org.postgresql.core.v3.ConnectionFactoryImpl.openConnectionImpl(ConnectionFactoryImpl.java:385)
	at org.postgresql.core.ConnectionFactory.openConnection(ConnectionFactory.java:57)
	at org.postgresql.jdbc.PgConnection.<init>(PgConnection.java:290)
	at org.postgresql.Driver.makeConnection(Driver.java:448)
	at org.postgresql.Driver.connect(Driver.java:298)
	at com.zaxxer.hikari.util.DriverDataSource.getConnection(DriverDataSource.java:144)
	at com.zaxxer.hikari.pool.PoolBase.newConnection(PoolBase.java:373)
	at com.zaxxer.hikari.pool.PoolBase.newPoolEntry(PoolBase.java:210)
	at com.zaxxer.hikari.pool.HikariPool.createPoolEntry(HikariPool.java:488)
	at com.zaxxer.hikari.pool.HikariPool$PoolEntryCreator.call(HikariPool.java:752)
	at com.zaxxer.hikari.pool.HikariPool$PoolEntryCreator.call(HikariPool.java:731)
	at java.base/java.util.concurrent.FutureTask.run(FutureTask.java:317)
	at java.base/java.util.concurrent.ThreadPoolExecutor.runWorker(ThreadPoolExecutor.java:1144)
	at java.base/java.util.concurrent.ThreadPoolExecutor$Worker.run(ThreadPoolExecutor.java:642)
	at java.base/java.lang.Thread.run(Thread.java:1583)
Caused by: java.net.SocketTimeoutException: Read timed out
	at java.base/sun.nio.ch.NioSocketImpl.timedRead(NioSocketImpl.java:278)
	at java.base/sun.nio.ch.NioSocketImpl.implRead(NioSocketImpl.java:304)
	at java.base/sun.nio.ch.NioSocketImpl.read(NioSocketImpl.java:346)
	at java.base/sun.nio.ch.NioSocketImpl$1.read(NioSocketImpl.java:796)
	at java.base/java.net.Socket$SocketInputStream.read(Socket.java:1099)
	at org.postgresql.core.VisibleBufferedInputStream.readMore(VisibleBufferedInputStream.java:192)
	at org.postgresql.core.VisibleBufferedInputStream.ensureBytes(VisibleBufferedInputStream.java:159)
	at org.postgresql.core.VisibleBufferedInputStream.ensureBytes(VisibleBufferedInputStream.java:144)
	at org.postgresql.core.VisibleBufferedInputStream.read(VisibleBufferedInputStream.java:76)
	at org.postgresql.core.PGStream.receiveChar(PGStream.java:477)
	at org.postgresql.core.v3.ConnectionFactoryImpl.enableSSL(ConnectionFactoryImpl.java:627)
	at org.postgresql.core.v3.ConnectionFactoryImpl.tryConnect(ConnectionFactoryImpl.java:207)
	at org.postgresql.core.v3.ConnectionFactoryImpl.openConnectionImpl(ConnectionFactoryImpl.java:289)
	... 14 common frames omitted
2026-05-24 20:20:32 [HikariPool-1:housekeeper] WARN  com.zaxxer.hikari.pool.HikariPool - HikariPool-1 - Thread starvation or clock leap detected (housekeeper delta=53m37s83ms).
2026-05-24 20:24:21 [HikariPool-1:connection-adder] WARN  com.zaxxer.hikari.pool.PoolBase - HikariPool-1 - Pool is empty, failed to create/setup connection (a56ac848-95a3-4649-85ea-404d143bc035)
org.postgresql.util.PSQLException: The connection attempt failed.
	at org.postgresql.core.v3.ConnectionFactoryImpl.openConnectionImpl(ConnectionFactoryImpl.java:385)
	at org.postgresql.core.ConnectionFactory.openConnection(ConnectionFactory.java:57)
	at org.postgresql.jdbc.PgConnection.<init>(PgConnection.java:290)
	at org.postgresql.Driver.makeConnection(Driver.java:448)
	at org.postgresql.Driver.connect(Driver.java:298)
	at com.zaxxer.hikari.util.DriverDataSource.getConnection(DriverDataSource.java:144)
	at com.zaxxer.hikari.pool.PoolBase.newConnection(PoolBase.java:373)
	at com.zaxxer.hikari.pool.PoolBase.newPoolEntry(PoolBase.java:210)
	at com.zaxxer.hikari.pool.HikariPool.createPoolEntry(HikariPool.java:488)
	at com.zaxxer.hikari.pool.HikariPool$PoolEntryCreator.call(HikariPool.java:752)
	at com.zaxxer.hikari.pool.HikariPool$PoolEntryCreator.call(HikariPool.java:731)
	at java.base/java.util.concurrent.FutureTask.run(FutureTask.java:317)
	at java.base/java.util.concurrent.ThreadPoolExecutor.runWorker(ThreadPoolExecutor.java:1144)
	at java.base/java.util.concurrent.ThreadPoolExecutor$Worker.run(ThreadPoolExecutor.java:642)
	at java.base/java.lang.Thread.run(Thread.java:1583)
Caused by: java.net.SocketTimeoutException: Read timed out
	at java.base/sun.nio.ch.NioSocketImpl.timedRead(NioSocketImpl.java:278)
	at java.base/sun.nio.ch.NioSocketImpl.implRead(NioSocketImpl.java:304)
	at java.base/sun.nio.ch.NioSocketImpl.read(NioSocketImpl.java:346)
	at java.base/sun.nio.ch.NioSocketImpl$1.read(NioSocketImpl.java:796)
	at java.base/java.net.Socket$SocketInputStream.read(Socket.java:1099)
	at org.postgresql.core.VisibleBufferedInputStream.readMore(VisibleBufferedInputStream.java:192)
	at org.postgresql.core.VisibleBufferedInputStream.ensureBytes(VisibleBufferedInputStream.java:159)
	at org.postgresql.core.VisibleBufferedInputStream.ensureBytes(VisibleBufferedInputStream.java:144)
	at org.postgresql.core.VisibleBufferedInputStream.read(VisibleBufferedInputStream.java:76)
	at org.postgresql.core.PGStream.receiveChar(PGStream.java:477)
	at org.postgresql.core.v3.ConnectionFactoryImpl.enableSSL(ConnectionFactoryImpl.java:627)
	at org.postgresql.core.v3.ConnectionFactoryImpl.tryConnect(ConnectionFactoryImpl.java:207)
	at org.postgresql.core.v3.ConnectionFactoryImpl.openConnectionImpl(ConnectionFactoryImpl.java:289)
	... 14 common frames omitted
2026-05-24 20:24:22 [HikariPool-1:housekeeper] WARN  com.zaxxer.hikari.pool.HikariPool - HikariPool-1 - Thread starvation or clock leap detected (housekeeper delta=3m49s799ms).
2026-05-24 20:40:10 [HikariPool-1:connection-adder] WARN  com.zaxxer.hikari.pool.PoolBase - HikariPool-1 - Pool is empty, failed to create/setup connection (cb557d23-338b-4576-8145-ba7af48489da)
org.postgresql.util.PSQLException: The connection attempt failed.
	at org.postgresql.core.v3.ConnectionFactoryImpl.openConnectionImpl(ConnectionFactoryImpl.java:385)
	at org.postgresql.core.ConnectionFactory.openConnection(ConnectionFactory.java:57)
	at org.postgresql.jdbc.PgConnection.<init>(PgConnection.java:290)
	at org.postgresql.Driver.makeConnection(Driver.java:448)
	at org.postgresql.Driver.connect(Driver.java:298)
	at com.zaxxer.hikari.util.DriverDataSource.getConnection(DriverDataSource.java:144)
	at com.zaxxer.hikari.pool.PoolBase.newConnection(PoolBase.java:373)
	at com.zaxxer.hikari.pool.PoolBase.newPoolEntry(PoolBase.java:210)
	at com.zaxxer.hikari.pool.HikariPool.createPoolEntry(HikariPool.java:488)
	at com.zaxxer.hikari.pool.HikariPool$PoolEntryCreator.call(HikariPool.java:752)
	at com.zaxxer.hikari.pool.HikariPool$PoolEntryCreator.call(HikariPool.java:731)
	at java.base/java.util.concurrent.FutureTask.run(FutureTask.java:317)
	at java.base/java.util.concurrent.ThreadPoolExecutor.runWorker(ThreadPoolExecutor.java:1144)
	at java.base/java.util.concurrent.ThreadPoolExecutor$Worker.run(ThreadPoolExecutor.java:642)
	at java.base/java.lang.Thread.run(Thread.java:1583)
Caused by: java.net.SocketTimeoutException: Read timed out
	at java.base/sun.nio.ch.NioSocketImpl.timedRead(NioSocketImpl.java:278)
	at java.base/sun.nio.ch.NioSocketImpl.implRead(NioSocketImpl.java:304)
	at java.base/sun.nio.ch.NioSocketImpl.read(NioSocketImpl.java:346)
	at java.base/sun.nio.ch.NioSocketImpl$1.read(NioSocketImpl.java:796)
	at java.base/java.net.Socket$SocketInputStream.read(Socket.java:1099)
	at org.postgresql.core.VisibleBufferedInputStream.readMore(VisibleBufferedInputStream.java:192)
	at org.postgresql.core.VisibleBufferedInputStream.ensureBytes(VisibleBufferedInputStream.java:159)
	at org.postgresql.core.VisibleBufferedInputStream.ensureBytes(VisibleBufferedInputStream.java:144)
	at org.postgresql.core.VisibleBufferedInputStream.read(VisibleBufferedInputStream.java:76)
	at org.postgresql.core.PGStream.receiveChar(PGStream.java:477)
	at org.postgresql.core.v3.ConnectionFactoryImpl.enableSSL(ConnectionFactoryImpl.java:627)
	at org.postgresql.core.v3.ConnectionFactoryImpl.tryConnect(ConnectionFactoryImpl.java:207)
	at org.postgresql.core.v3.ConnectionFactoryImpl.openConnectionImpl(ConnectionFactoryImpl.java:289)
	... 14 common frames omitted
2026-05-24 20:40:20 [HikariPool-1:housekeeper] WARN  com.zaxxer.hikari.pool.HikariPool - HikariPool-1 - Thread starvation or clock leap detected (housekeeper delta=15m58s621ms).
2026-05-24 20:41:30 [HikariPool-1:connection-adder] WARN  com.zaxxer.hikari.pool.PoolBase - HikariPool-1 - Pool is empty, failed to create/setup connection (477f1ee3-cc40-4085-a2c8-dd0facb0a52c)
org.postgresql.util.PSQLException: The connection attempt failed.
	at org.postgresql.core.v3.ConnectionFactoryImpl.openConnectionImpl(ConnectionFactoryImpl.java:385)
	at org.postgresql.core.ConnectionFactory.openConnection(ConnectionFactory.java:57)
	at org.postgresql.jdbc.PgConnection.<init>(PgConnection.java:290)
	at org.postgresql.Driver.makeConnection(Driver.java:448)
	at org.postgresql.Driver.connect(Driver.java:298)
	at com.zaxxer.hikari.util.DriverDataSource.getConnection(DriverDataSource.java:144)
	at com.zaxxer.hikari.pool.PoolBase.newConnection(PoolBase.java:373)
	at com.zaxxer.hikari.pool.PoolBase.newPoolEntry(PoolBase.java:210)
	at com.zaxxer.hikari.pool.HikariPool.createPoolEntry(HikariPool.java:488)
	at com.zaxxer.hikari.pool.HikariPool$PoolEntryCreator.call(HikariPool.java:752)
	at com.zaxxer.hikari.pool.HikariPool$PoolEntryCreator.call(HikariPool.java:731)
	at java.base/java.util.concurrent.FutureTask.run(FutureTask.java:317)
	at java.base/java.util.concurrent.ThreadPoolExecutor.runWorker(ThreadPoolExecutor.java:1144)
	at java.base/java.util.concurrent.ThreadPoolExecutor$Worker.run(ThreadPoolExecutor.java:642)
	at java.base/java.lang.Thread.run(Thread.java:1583)
Caused by: java.net.SocketTimeoutException: Read timed out
	at java.base/sun.nio.ch.NioSocketImpl.timedRead(NioSocketImpl.java:278)
	at java.base/sun.nio.ch.NioSocketImpl.implRead(NioSocketImpl.java:304)
	at java.base/sun.nio.ch.NioSocketImpl.read(NioSocketImpl.java:346)
	at java.base/sun.nio.ch.NioSocketImpl$1.read(NioSocketImpl.java:796)
	at java.base/java.net.Socket$SocketInputStream.read(Socket.java:1099)
	at org.postgresql.core.VisibleBufferedInputStream.readMore(VisibleBufferedInputStream.java:192)
	at org.postgresql.core.VisibleBufferedInputStream.ensureBytes(VisibleBufferedInputStream.java:159)
	at org.postgresql.core.VisibleBufferedInputStream.ensureBytes(VisibleBufferedInputStream.java:144)
	at org.postgresql.core.VisibleBufferedInputStream.read(VisibleBufferedInputStream.java:76)
	at org.postgresql.core.PGStream.receiveChar(PGStream.java:477)
	at org.postgresql.core.v3.ConnectionFactoryImpl.enableSSL(ConnectionFactoryImpl.java:627)
	at org.postgresql.core.v3.ConnectionFactoryImpl.tryConnect(ConnectionFactoryImpl.java:207)
	at org.postgresql.core.v3.ConnectionFactoryImpl.openConnectionImpl(ConnectionFactoryImpl.java:289)
	... 14 common frames omitted
2026-05-24 20:42:05 [HikariPool-1:housekeeper] WARN  com.zaxxer.hikari.pool.HikariPool - HikariPool-1 - Thread starvation or clock leap detected (housekeeper delta=1m44s664ms).
2026-05-24 20:42:40 [HikariPool-1:connection-adder] WARN  com.zaxxer.hikari.pool.PoolBase - HikariPool-1 - Pool is empty, failed to create/setup connection (36767e47-22ec-473f-8062-260c87ad6619)
org.postgresql.util.PSQLException: The connection attempt failed.
	at org.postgresql.core.v3.ConnectionFactoryImpl.openConnectionImpl(ConnectionFactoryImpl.java:385)
	at org.postgresql.core.ConnectionFactory.openConnection(ConnectionFactory.java:57)
	at org.postgresql.jdbc.PgConnection.<init>(PgConnection.java:290)
	at org.postgresql.Driver.makeConnection(Driver.java:448)
	at org.postgresql.Driver.connect(Driver.java:298)
	at com.zaxxer.hikari.util.DriverDataSource.getConnection(DriverDataSource.java:144)
	at com.zaxxer.hikari.pool.PoolBase.newConnection(PoolBase.java:373)
	at com.zaxxer.hikari.pool.PoolBase.newPoolEntry(PoolBase.java:210)
	at com.zaxxer.hikari.pool.HikariPool.createPoolEntry(HikariPool.java:488)
	at com.zaxxer.hikari.pool.HikariPool$PoolEntryCreator.call(HikariPool.java:752)
	at com.zaxxer.hikari.pool.HikariPool$PoolEntryCreator.call(HikariPool.java:731)
	at java.base/java.util.concurrent.FutureTask.run(FutureTask.java:317)
	at java.base/java.util.concurrent.ThreadPoolExecutor.runWorker(ThreadPoolExecutor.java:1144)
	at java.base/java.util.concurrent.ThreadPoolExecutor$Worker.run(ThreadPoolExecutor.java:642)
	at java.base/java.lang.Thread.run(Thread.java:1583)
Caused by: java.net.SocketTimeoutException: Read timed out
	at java.base/sun.nio.ch.NioSocketImpl.timedRead(NioSocketImpl.java:278)
	at java.base/sun.nio.ch.NioSocketImpl.implRead(NioSocketImpl.java:304)
	at java.base/sun.nio.ch.NioSocketImpl.read(NioSocketImpl.java:346)
	at java.base/sun.nio.ch.NioSocketImpl$1.read(NioSocketImpl.java:796)
	at java.base/java.net.Socket$SocketInputStream.read(Socket.java:1099)
	at org.postgresql.core.VisibleBufferedInputStream.readMore(VisibleBufferedInputStream.java:192)
	at org.postgresql.core.VisibleBufferedInputStream.ensureBytes(VisibleBufferedInputStream.java:159)
	at org.postgresql.core.VisibleBufferedInputStream.ensureBytes(VisibleBufferedInputStream.java:144)
	at org.postgresql.core.VisibleBufferedInputStream.read(VisibleBufferedInputStream.java:76)
	at org.postgresql.core.PGStream.receiveChar(PGStream.java:477)
	at org.postgresql.core.v3.ConnectionFactoryImpl.enableSSL(ConnectionFactoryImpl.java:627)
	at org.postgresql.core.v3.ConnectionFactoryImpl.tryConnect(ConnectionFactoryImpl.java:207)
	at org.postgresql.core.v3.ConnectionFactoryImpl.openConnectionImpl(ConnectionFactoryImpl.java:289)
	... 14 common frames omitted
2026-05-24 20:47:11 [HikariPool-1:connection-adder] WARN  com.zaxxer.hikari.pool.PoolBase - HikariPool-1 - Pool is empty, failed to create/setup connection (eed14de4-8c5c-4ed5-b29d-52ea8e976b83)
org.postgresql.util.PSQLException: The connection attempt failed.
	at org.postgresql.core.v3.ConnectionFactoryImpl.openConnectionImpl(ConnectionFactoryImpl.java:385)
	at org.postgresql.core.ConnectionFactory.openConnection(ConnectionFactory.java:57)
	at org.postgresql.jdbc.PgConnection.<init>(PgConnection.java:290)
	at org.postgresql.Driver.makeConnection(Driver.java:448)
	at org.postgresql.Driver.connect(Driver.java:298)
	at com.zaxxer.hikari.util.DriverDataSource.getConnection(DriverDataSource.java:144)
	at com.zaxxer.hikari.pool.PoolBase.newConnection(PoolBase.java:373)
	at com.zaxxer.hikari.pool.PoolBase.newPoolEntry(PoolBase.java:210)
	at com.zaxxer.hikari.pool.HikariPool.createPoolEntry(HikariPool.java:488)
	at com.zaxxer.hikari.pool.HikariPool$PoolEntryCreator.call(HikariPool.java:752)
	at com.zaxxer.hikari.pool.HikariPool$PoolEntryCreator.call(HikariPool.java:731)
	at java.base/java.util.concurrent.FutureTask.run(FutureTask.java:317)
	at java.base/java.util.concurrent.ThreadPoolExecutor.runWorker(ThreadPoolExecutor.java:1144)
	at java.base/java.util.concurrent.ThreadPoolExecutor$Worker.run(ThreadPoolExecutor.java:642)
	at java.base/java.lang.Thread.run(Thread.java:1583)
Caused by: java.net.SocketTimeoutException: Read timed out
	at java.base/sun.nio.ch.NioSocketImpl.timedRead(NioSocketImpl.java:278)
	at java.base/sun.nio.ch.NioSocketImpl.implRead(NioSocketImpl.java:304)
	at java.base/sun.nio.ch.NioSocketImpl.read(NioSocketImpl.java:346)
	at java.base/sun.nio.ch.NioSocketImpl$1.read(NioSocketImpl.java:796)
	at java.base/java.net.Socket$SocketInputStream.read(Socket.java:1099)
	at org.postgresql.core.VisibleBufferedInputStream.readMore(VisibleBufferedInputStream.java:192)
	at org.postgresql.core.VisibleBufferedInputStream.ensureBytes(VisibleBufferedInputStream.java:159)
	at org.postgresql.core.VisibleBufferedInputStream.ensureBytes(VisibleBufferedInputStream.java:144)
	at org.postgresql.core.VisibleBufferedInputStream.read(VisibleBufferedInputStream.java:76)
	at org.postgresql.core.PGStream.receiveChar(PGStream.java:477)
	at org.postgresql.core.v3.ConnectionFactoryImpl.enableSSL(ConnectionFactoryImpl.java:627)
	at org.postgresql.core.v3.ConnectionFactoryImpl.tryConnect(ConnectionFactoryImpl.java:207)
	at org.postgresql.core.v3.ConnectionFactoryImpl.openConnectionImpl(ConnectionFactoryImpl.java:289)
	... 14 common frames omitted
2026-05-24 20:47:11 [HikariPool-1:housekeeper] WARN  com.zaxxer.hikari.pool.HikariPool - HikariPool-1 - Thread starvation or clock leap detected (housekeeper delta=5m5s723ms).
2026-05-24 21:03:10 [HikariPool-1:connection-adder] WARN  com.zaxxer.hikari.pool.PoolBase - HikariPool-1 - Pool is empty, failed to create/setup connection (814639f2-1b4e-4c08-a42b-f09f38051365)
org.postgresql.util.PSQLException: The connection attempt failed.
	at org.postgresql.core.v3.ConnectionFactoryImpl.openConnectionImpl(ConnectionFactoryImpl.java:385)
	at org.postgresql.core.ConnectionFactory.openConnection(ConnectionFactory.java:57)
	at org.postgresql.jdbc.PgConnection.<init>(PgConnection.java:290)
	at org.postgresql.Driver.makeConnection(Driver.java:448)
	at org.postgresql.Driver.connect(Driver.java:298)
	at com.zaxxer.hikari.util.DriverDataSource.getConnection(DriverDataSource.java:144)
	at com.zaxxer.hikari.pool.PoolBase.newConnection(PoolBase.java:373)
	at com.zaxxer.hikari.pool.PoolBase.newPoolEntry(PoolBase.java:210)
	at com.zaxxer.hikari.pool.HikariPool.createPoolEntry(HikariPool.java:488)
	at com.zaxxer.hikari.pool.HikariPool$PoolEntryCreator.call(HikariPool.java:752)
	at com.zaxxer.hikari.pool.HikariPool$PoolEntryCreator.call(HikariPool.java:731)
	at java.base/java.util.concurrent.FutureTask.run(FutureTask.java:317)
	at java.base/java.util.concurrent.ThreadPoolExecutor.runWorker(ThreadPoolExecutor.java:1144)
	at java.base/java.util.concurrent.ThreadPoolExecutor$Worker.run(ThreadPoolExecutor.java:642)
	at java.base/java.lang.Thread.run(Thread.java:1583)
Caused by: java.net.SocketTimeoutException: Read timed out
	at java.base/sun.nio.ch.NioSocketImpl.timedRead(NioSocketImpl.java:278)
	at java.base/sun.nio.ch.NioSocketImpl.implRead(NioSocketImpl.java:304)
	at java.base/sun.nio.ch.NioSocketImpl.read(NioSocketImpl.java:346)
	at java.base/sun.nio.ch.NioSocketImpl$1.read(NioSocketImpl.java:796)
	at java.base/java.net.Socket$SocketInputStream.read(Socket.java:1099)
	at org.postgresql.core.VisibleBufferedInputStream.readMore(VisibleBufferedInputStream.java:192)
	at org.postgresql.core.VisibleBufferedInputStream.ensureBytes(VisibleBufferedInputStream.java:159)
	at org.postgresql.core.VisibleBufferedInputStream.ensureBytes(VisibleBufferedInputStream.java:144)
	at org.postgresql.core.VisibleBufferedInputStream.read(VisibleBufferedInputStream.java:76)
	at org.postgresql.core.PGStream.receiveChar(PGStream.java:477)
	at org.postgresql.core.v3.ConnectionFactoryImpl.enableSSL(ConnectionFactoryImpl.java:627)
	at org.postgresql.core.v3.ConnectionFactoryImpl.tryConnect(ConnectionFactoryImpl.java:207)
	at org.postgresql.core.v3.ConnectionFactoryImpl.openConnectionImpl(ConnectionFactoryImpl.java:289)
	... 14 common frames omitted
2026-05-24 21:10:50 [HikariPool-1:housekeeper] WARN  com.zaxxer.hikari.pool.HikariPool - HikariPool-1 - Thread starvation or clock leap detected (housekeeper delta=23m38s903ms).
2026-05-24 21:12:32 [http-nio-8080-exec-5] ERROR c.n.nexxclinic.auth.JwtService - Failed to parse access token: JWT expired 24815045 milliseconds ago at 2026-05-24T12:18:57.000Z. Current time: 2026-05-24T19:12:32.045Z. Allowed clock skew: 0 milliseconds.
2026-05-24 21:12:32 [http-nio-8080-exec-7] ERROR c.n.nexxclinic.auth.JwtService - Failed to parse access token: JWT expired 24815045 milliseconds ago at 2026-05-24T12:18:57.000Z. Current time: 2026-05-24T19:12:32.045Z. Allowed clock skew: 0 milliseconds.
2026-05-24 21:12:32 [http-nio-8080-exec-5] DEBUG c.n.n.config.GraphQlAuthInterceptor - Failed to parse access token: Invalid token
2026-05-24 21:12:32 [http-nio-8080-exec-5] DEBUG c.n.n.config.GraphQlAuthInterceptor - No authentication token found in request
2026-05-24 21:12:32 [http-nio-8080-exec-7] DEBUG c.n.n.config.GraphQlAuthInterceptor - Failed to parse access token: Invalid token
2026-05-24 21:12:32 [http-nio-8080-exec-7] DEBUG c.n.n.config.GraphQlAuthInterceptor - No authentication token found in request
2026-05-24 21:12:32 [http-nio-8080-exec-7] WARN  c.n.n.security.HasRoleAspect - Access denied: Authentication is required for method: getForms
2026-05-24 21:12:32 [http-nio-8080-exec-5] WARN  c.n.n.security.HasRoleAspect - Access denied: Authentication is required for method: departments
2026-05-24 21:12:50 [http-nio-8080-exec-8] DEBUG c.n.n.config.GraphQlAuthInterceptor - No authentication token found in request
2026-05-24 21:12:50 [http-nio-8080-exec-8] INFO  c.n.nexxclinic.service.WorkerService - Login attempt for identifier: admin@email.com
2026-05-24 21:12:50 [http-nio-8080-exec-8] INFO  c.n.nexxclinic.auth.JwtService - Generated access token for user: admin@email.com (ID: 7b1dbb67-4710-43e3-be68-bb61f2acca73) with roles: [ADMIN]
2026-05-24 21:12:50 [http-nio-8080-exec-8] INFO  c.n.nexxclinic.service.WorkerService - User successfully logged in: null (ID: 7b1dbb67-4710-43e3-be68-bb61f2acca73) with roles: [ADMIN]
2026-05-24 21:12:50 [http-nio-8080-exec-3] DEBUG c.n.nexxclinic.auth.JwtService - Successfully parsed token for principal: admin@email.com with roles: [ADMIN]
2026-05-24 21:12:50 [http-nio-8080-exec-9] DEBUG c.n.nexxclinic.auth.JwtService - Successfully parsed token for principal: admin@email.com with roles: [ADMIN]
2026-05-24 21:12:50 [http-nio-8080-exec-3] DEBUG c.n.n.config.GraphQlAuthInterceptor - Token parsed successfully for user: admin@email.com
2026-05-24 21:12:50 [http-nio-8080-exec-3] DEBUG c.n.nexxclinic.auth.JwtService - Converting token info to authenticated user: admin@email.com
2026-05-24 21:12:50 [http-nio-8080-exec-3] DEBUG c.n.n.config.GraphQlAuthInterceptor - User authenticated: admin@email.com with roles: [ADMIN]
2026-05-24 21:12:50 [http-nio-8080-exec-9] DEBUG c.n.n.config.GraphQlAuthInterceptor - Token parsed successfully for user: admin@email.com
2026-05-24 21:12:50 [http-nio-8080-exec-9] DEBUG c.n.nexxclinic.auth.JwtService - Converting token info to authenticated user: admin@email.com
2026-05-24 21:12:50 [http-nio-8080-exec-9] DEBUG c.n.n.config.GraphQlAuthInterceptor - User authenticated: admin@email.com with roles: [ADMIN]
2026-05-24 21:12:50 [http-nio-8080-exec-3] DEBUG c.n.n.security.HasRoleAspect - Access granted: User admin@email.com called method visits with roles: [ADMIN]
2026-05-24 21:13:05 [http-nio-8080-exec-5] DEBUG c.n.nexxclinic.auth.JwtService - Successfully parsed token for principal: admin@email.com with roles: [ADMIN]
2026-05-24 21:13:05 [http-nio-8080-exec-7] DEBUG c.n.nexxclinic.auth.JwtService - Successfully parsed token for principal: admin@email.com with roles: [ADMIN]
2026-05-24 21:13:05 [http-nio-8080-exec-4] DEBUG c.n.nexxclinic.auth.JwtService - Successfully parsed token for principal: admin@email.com with roles: [ADMIN]
2026-05-24 21:13:05 [http-nio-8080-exec-5] DEBUG c.n.n.config.GraphQlAuthInterceptor - Token parsed successfully for user: admin@email.com
2026-05-24 21:13:05 [http-nio-8080-exec-5] DEBUG c.n.nexxclinic.auth.JwtService - Converting token info to authenticated user: admin@email.com
2026-05-24 21:13:05 [http-nio-8080-exec-5] DEBUG c.n.n.config.GraphQlAuthInterceptor - User authenticated: admin@email.com with roles: [ADMIN]
2026-05-24 21:13:05 [http-nio-8080-exec-7] DEBUG c.n.n.config.GraphQlAuthInterceptor - Token parsed successfully for user: admin@email.com
2026-05-24 21:13:05 [http-nio-8080-exec-7] DEBUG c.n.nexxclinic.auth.JwtService - Converting token info to authenticated user: admin@email.com
2026-05-24 21:13:05 [http-nio-8080-exec-7] DEBUG c.n.n.config.GraphQlAuthInterceptor - User authenticated: admin@email.com with roles: [ADMIN]
2026-05-24 21:13:05 [http-nio-8080-exec-5] DEBUG c.n.n.security.HasRoleAspect - Access granted: User admin@email.com called method products with roles: [ADMIN]
2026-05-24 21:13:05 [http-nio-8080-exec-4] DEBUG c.n.n.config.GraphQlAuthInterceptor - Token parsed successfully for user: admin@email.com
2026-05-24 21:13:05 [http-nio-8080-exec-4] DEBUG c.n.nexxclinic.auth.JwtService - Converting token info to authenticated user: admin@email.com
2026-05-24 21:13:05 [http-nio-8080-exec-4] DEBUG c.n.n.config.GraphQlAuthInterceptor - User authenticated: admin@email.com with roles: [ADMIN]
2026-05-24 21:13:05 [http-nio-8080-exec-4] DEBUG c.n.n.security.HasRoleAspect - Access granted: User admin@email.com called method departments with roles: [ADMIN]
2026-05-24 21:13:05 [http-nio-8080-exec-7] DEBUG c.n.n.security.HasRoleAspect - Access granted: User admin@email.com called method insuranceProviders with roles: [ADMIN]
2026-05-24 21:13:08 [http-nio-8080-exec-6] DEBUG c.n.nexxclinic.auth.JwtService - Successfully parsed token for principal: admin@email.com with roles: [ADMIN]
2026-05-24 21:13:08 [http-nio-8080-exec-8] DEBUG c.n.nexxclinic.auth.JwtService - Successfully parsed token for principal: admin@email.com with roles: [ADMIN]
2026-05-24 21:13:08 [http-nio-8080-exec-6] DEBUG c.n.n.config.GraphQlAuthInterceptor - Token parsed successfully for user: admin@email.com
2026-05-24 21:13:08 [http-nio-8080-exec-6] DEBUG c.n.nexxclinic.auth.JwtService - Converting token info to authenticated user: admin@email.com
2026-05-24 21:13:08 [http-nio-8080-exec-8] DEBUG c.n.n.config.GraphQlAuthInterceptor - Token parsed successfully for user: admin@email.com
2026-05-24 21:13:08 [http-nio-8080-exec-6] DEBUG c.n.n.config.GraphQlAuthInterceptor - User authenticated: admin@email.com with roles: [ADMIN]
2026-05-24 21:13:08 [http-nio-8080-exec-8] DEBUG c.n.nexxclinic.auth.JwtService - Converting token info to authenticated user: admin@email.com
2026-05-24 21:13:08 [http-nio-8080-exec-8] DEBUG c.n.n.config.GraphQlAuthInterceptor - User authenticated: admin@email.com with roles: [ADMIN]
2026-05-24 21:13:08 [http-nio-8080-exec-8] DEBUG c.n.n.security.HasRoleAspect - Access granted: User admin@email.com called method getForms with roles: [ADMIN]
2026-05-24 21:13:08 [http-nio-8080-exec-6] DEBUG c.n.n.security.HasRoleAspect - Access granted: User admin@email.com called method departments with roles: [ADMIN]
2026-05-24 21:13:11 [http-nio-8080-exec-10] DEBUG c.n.nexxclinic.auth.JwtService - Successfully parsed token for principal: admin@email.com with roles: [ADMIN]
2026-05-24 21:13:11 [http-nio-8080-exec-2] DEBUG c.n.nexxclinic.auth.JwtService - Successfully parsed token for principal: admin@email.com with roles: [ADMIN]
2026-05-24 21:13:11 [http-nio-8080-exec-2] DEBUG c.n.n.config.GraphQlAuthInterceptor - Token parsed successfully for user: admin@email.com
2026-05-24 21:13:11 [http-nio-8080-exec-2] DEBUG c.n.nexxclinic.auth.JwtService - Converting token info to authenticated user: admin@email.com
2026-05-24 21:13:11 [http-nio-8080-exec-2] DEBUG c.n.n.config.GraphQlAuthInterceptor - User authenticated: admin@email.com with roles: [ADMIN]
2026-05-24 21:13:11 [http-nio-8080-exec-10] DEBUG c.n.n.config.GraphQlAuthInterceptor - Token parsed successfully for user: admin@email.com
2026-05-24 21:13:11 [http-nio-8080-exec-10] DEBUG c.n.nexxclinic.auth.JwtService - Converting token info to authenticated user: admin@email.com
2026-05-24 21:13:11 [http-nio-8080-exec-10] DEBUG c.n.n.config.GraphQlAuthInterceptor - User authenticated: admin@email.com with roles: [ADMIN]
2026-05-24 21:13:11 [http-nio-8080-exec-2] DEBUG c.n.n.security.HasRoleAspect - Access granted: User admin@email.com called method departments with roles: [ADMIN]
2026-05-24 21:13:11 [http-nio-8080-exec-10] DEBUG c.n.n.security.HasRoleAspect - Access granted: User admin@email.com called method getForms with roles: [ADMIN]
2026-05-24 21:15:01 [http-nio-8080-exec-8] DEBUG c.n.nexxclinic.auth.JwtService - Successfully parsed token for principal: admin@email.com with roles: [ADMIN]
2026-05-24 21:15:01 [http-nio-8080-exec-8] DEBUG c.n.n.config.GraphQlAuthInterceptor - Token parsed successfully for user: admin@email.com
2026-05-24 21:15:01 [http-nio-8080-exec-8] DEBUG c.n.nexxclinic.auth.JwtService - Converting token info to authenticated user: admin@email.com
2026-05-24 21:15:01 [http-nio-8080-exec-8] DEBUG c.n.n.config.GraphQlAuthInterceptor - User authenticated: admin@email.com with roles: [ADMIN]
2026-05-24 21:15:01 [http-nio-8080-exec-8] DEBUG c.n.n.security.HasRoleAspect - Access granted: User admin@email.com called method products with roles: [ADMIN]
2026-05-24 21:15:01 [http-nio-8080-exec-3] DEBUG c.n.nexxclinic.auth.JwtService - Successfully parsed token for principal: admin@email.com with roles: [ADMIN]
2026-05-24 21:15:01 [http-nio-8080-exec-3] DEBUG c.n.n.config.GraphQlAuthInterceptor - Token parsed successfully for user: admin@email.com
2026-05-24 21:15:01 [http-nio-8080-exec-3] DEBUG c.n.nexxclinic.auth.JwtService - Converting token info to authenticated user: admin@email.com
2026-05-24 21:15:01 [http-nio-8080-exec-3] DEBUG c.n.n.config.GraphQlAuthInterceptor - User authenticated: admin@email.com with roles: [ADMIN]
2026-05-24 21:15:01 [http-nio-8080-exec-3] DEBUG c.n.n.security.HasRoleAspect - Access granted: User admin@email.com called method products with roles: [ADMIN]
2026-05-24 21:15:02 [http-nio-8080-exec-9] DEBUG c.n.nexxclinic.auth.JwtService - Successfully parsed token for principal: admin@email.com with roles: [ADMIN]
2026-05-24 21:15:02 [http-nio-8080-exec-9] DEBUG c.n.n.config.GraphQlAuthInterceptor - Token parsed successfully for user: admin@email.com
2026-05-24 21:15:02 [http-nio-8080-exec-9] DEBUG c.n.nexxclinic.auth.JwtService - Converting token info to authenticated user: admin@email.com
2026-05-24 21:15:02 [http-nio-8080-exec-9] DEBUG c.n.n.config.GraphQlAuthInterceptor - User authenticated: admin@email.com with roles: [ADMIN]
2026-05-24 21:15:02 [http-nio-8080-exec-9] DEBUG c.n.n.security.HasRoleAspect - Access granted: User admin@email.com called method products with roles: [ADMIN]
2026-05-24 21:15:03 [http-nio-8080-exec-10] DEBUG c.n.nexxclinic.auth.JwtService - Successfully parsed token for principal: admin@email.com with roles: [ADMIN]
2026-05-24 21:15:03 [http-nio-8080-exec-10] DEBUG c.n.n.config.GraphQlAuthInterceptor - Token parsed successfully for user: admin@email.com
2026-05-24 21:15:03 [http-nio-8080-exec-10] DEBUG c.n.nexxclinic.auth.JwtService - Converting token info to authenticated user: admin@email.com
2026-05-24 21:15:03 [http-nio-8080-exec-10] DEBUG c.n.n.config.GraphQlAuthInterceptor - User authenticated: admin@email.com with roles: [ADMIN]
2026-05-24 21:15:03 [http-nio-8080-exec-10] DEBUG c.n.n.security.HasRoleAspect - Access granted: User admin@email.com called method products with roles: [ADMIN]
2026-05-24 21:15:16 [http-nio-8080-exec-1] DEBUG c.n.nexxclinic.auth.JwtService - Successfully parsed token for principal: admin@email.com with roles: [ADMIN]
2026-05-24 21:15:16 [http-nio-8080-exec-1] DEBUG c.n.n.config.GraphQlAuthInterceptor - Token parsed successfully for user: admin@email.com
2026-05-24 21:15:16 [http-nio-8080-exec-1] DEBUG c.n.nexxclinic.auth.JwtService - Converting token info to authenticated user: admin@email.com
2026-05-24 21:15:16 [http-nio-8080-exec-1] DEBUG c.n.n.config.GraphQlAuthInterceptor - User authenticated: admin@email.com with roles: [ADMIN]
2026-05-24 21:15:16 [http-nio-8080-exec-1] DEBUG c.n.n.security.HasRoleAspect - Access granted: User admin@email.com called method products with roles: [ADMIN]
2026-05-24 21:15:26 [http-nio-8080-exec-4] DEBUG c.n.nexxclinic.auth.JwtService - Successfully parsed token for principal: admin@email.com with roles: [ADMIN]
2026-05-24 21:15:26 [http-nio-8080-exec-4] DEBUG c.n.n.config.GraphQlAuthInterceptor - Token parsed successfully for user: admin@email.com
2026-05-24 21:15:26 [http-nio-8080-exec-4] DEBUG c.n.nexxclinic.auth.JwtService - Converting token info to authenticated user: admin@email.com
2026-05-24 21:15:26 [http-nio-8080-exec-4] DEBUG c.n.n.config.GraphQlAuthInterceptor - User authenticated: admin@email.com with roles: [ADMIN]
2026-05-24 21:15:26 [http-nio-8080-exec-4] DEBUG c.n.n.security.HasRoleAspect - Access granted: User admin@email.com called method products with roles: [ADMIN]
2026-05-24 21:15:26 [http-nio-8080-exec-7] DEBUG c.n.nexxclinic.auth.JwtService - Successfully parsed token for principal: admin@email.com with roles: [ADMIN]
2026-05-24 21:15:26 [http-nio-8080-exec-7] DEBUG c.n.n.config.GraphQlAuthInterceptor - Token parsed successfully for user: admin@email.com
2026-05-24 21:15:26 [http-nio-8080-exec-7] DEBUG c.n.nexxclinic.auth.JwtService - Converting token info to authenticated user: admin@email.com
2026-05-24 21:15:26 [http-nio-8080-exec-7] DEBUG c.n.n.config.GraphQlAuthInterceptor - User authenticated: admin@email.com with roles: [ADMIN]
2026-05-24 21:15:26 [http-nio-8080-exec-7] DEBUG c.n.n.security.HasRoleAspect - Access granted: User admin@email.com called method products with roles: [ADMIN]
2026-05-24 21:15:37 [http-nio-8080-exec-5] DEBUG c.n.nexxclinic.auth.JwtService - Successfully parsed token for principal: admin@email.com with roles: [ADMIN]
2026-05-24 21:15:37 [http-nio-8080-exec-5] DEBUG c.n.n.config.GraphQlAuthInterceptor - Token parsed successfully for user: admin@email.com
2026-05-24 21:15:37 [http-nio-8080-exec-5] DEBUG c.n.nexxclinic.auth.JwtService - Converting token info to authenticated user: admin@email.com
2026-05-24 21:15:37 [http-nio-8080-exec-5] DEBUG c.n.n.config.GraphQlAuthInterceptor - User authenticated: admin@email.com with roles: [ADMIN]
2026-05-24 21:15:37 [http-nio-8080-exec-5] DEBUG c.n.n.security.HasRoleAspect - Access granted: User admin@email.com called method products with roles: [ADMIN]
2026-05-24 21:15:47 [http-nio-8080-exec-6] DEBUG c.n.nexxclinic.auth.JwtService - Successfully parsed token for principal: admin@email.com with roles: [ADMIN]
2026-05-24 21:15:47 [http-nio-8080-exec-6] DEBUG c.n.n.config.GraphQlAuthInterceptor - Token parsed successfully for user: admin@email.com
2026-05-24 21:15:47 [http-nio-8080-exec-6] DEBUG c.n.nexxclinic.auth.JwtService - Converting token info to authenticated user: admin@email.com
2026-05-24 21:15:47 [http-nio-8080-exec-6] DEBUG c.n.n.config.GraphQlAuthInterceptor - User authenticated: admin@email.com with roles: [ADMIN]
2026-05-24 21:15:47 [http-nio-8080-exec-6] DEBUG c.n.n.security.HasRoleAspect - Access granted: User admin@email.com called method products with roles: [ADMIN]
2026-05-24 21:15:48 [http-nio-8080-exec-3] DEBUG c.n.nexxclinic.auth.JwtService - Successfully parsed token for principal: admin@email.com with roles: [ADMIN]
2026-05-24 21:15:48 [http-nio-8080-exec-3] DEBUG c.n.n.config.GraphQlAuthInterceptor - Token parsed successfully for user: admin@email.com
2026-05-24 21:15:48 [http-nio-8080-exec-3] DEBUG c.n.nexxclinic.auth.JwtService - Converting token info to authenticated user: admin@email.com
2026-05-24 21:15:48 [http-nio-8080-exec-3] DEBUG c.n.n.config.GraphQlAuthInterceptor - User authenticated: admin@email.com with roles: [ADMIN]
2026-05-24 21:15:48 [http-nio-8080-exec-3] DEBUG c.n.n.security.HasRoleAspect - Access granted: User admin@email.com called method products with roles: [ADMIN]
2026-05-24 21:15:49 [http-nio-8080-exec-9] DEBUG c.n.nexxclinic.auth.JwtService - Successfully parsed token for principal: admin@email.com with roles: [ADMIN]
2026-05-24 21:15:49 [http-nio-8080-exec-9] DEBUG c.n.n.config.GraphQlAuthInterceptor - Token parsed successfully for user: admin@email.com
2026-05-24 21:15:49 [http-nio-8080-exec-9] DEBUG c.n.nexxclinic.auth.JwtService - Converting token info to authenticated user: admin@email.com
2026-05-24 21:15:49 [http-nio-8080-exec-9] DEBUG c.n.n.config.GraphQlAuthInterceptor - User authenticated: admin@email.com with roles: [ADMIN]
2026-05-24 21:15:49 [http-nio-8080-exec-9] DEBUG c.n.n.security.HasRoleAspect - Access granted: User admin@email.com called method products with roles: [ADMIN]
2026-05-24 21:15:50 [http-nio-8080-exec-10] DEBUG c.n.nexxclinic.auth.JwtService - Successfully parsed token for principal: admin@email.com with roles: [ADMIN]
2026-05-24 21:15:50 [http-nio-8080-exec-10] DEBUG c.n.n.config.GraphQlAuthInterceptor - Token parsed successfully for user: admin@email.com
2026-05-24 21:15:50 [http-nio-8080-exec-10] DEBUG c.n.nexxclinic.auth.JwtService - Converting token info to authenticated user: admin@email.com
2026-05-24 21:15:50 [http-nio-8080-exec-10] DEBUG c.n.n.config.GraphQlAuthInterceptor - User authenticated: admin@email.com with roles: [ADMIN]
2026-05-24 21:15:50 [http-nio-8080-exec-10] DEBUG c.n.n.security.HasRoleAspect - Access granted: User admin@email.com called method products with roles: [ADMIN]
2026-05-24 21:15:51 [http-nio-8080-exec-2] DEBUG c.n.nexxclinic.auth.JwtService - Successfully parsed token for principal: admin@email.com with roles: [ADMIN]
2026-05-24 21:15:51 [http-nio-8080-exec-2] DEBUG c.n.n.config.GraphQlAuthInterceptor - Token parsed successfully for user: admin@email.com
2026-05-24 21:15:51 [http-nio-8080-exec-2] DEBUG c.n.nexxclinic.auth.JwtService - Converting token info to authenticated user: admin@email.com
2026-05-24 21:15:51 [http-nio-8080-exec-2] DEBUG c.n.n.config.GraphQlAuthInterceptor - User authenticated: admin@email.com with roles: [ADMIN]
2026-05-24 21:15:51 [http-nio-8080-exec-2] DEBUG c.n.n.security.HasRoleAspect - Access granted: User admin@email.com called method products with roles: [ADMIN]
2026-05-24 21:15:52 [http-nio-8080-exec-1] DEBUG c.n.nexxclinic.auth.JwtService - Successfully parsed token for principal: admin@email.com with roles: [ADMIN]
2026-05-24 21:15:52 [http-nio-8080-exec-1] DEBUG c.n.n.config.GraphQlAuthInterceptor - Token parsed successfully for user: admin@email.com
2026-05-24 21:15:52 [http-nio-8080-exec-1] DEBUG c.n.nexxclinic.auth.JwtService - Converting token info to authenticated user: admin@email.com
2026-05-24 21:15:52 [http-nio-8080-exec-1] DEBUG c.n.n.config.GraphQlAuthInterceptor - User authenticated: admin@email.com with roles: [ADMIN]
2026-05-24 21:15:52 [http-nio-8080-exec-1] DEBUG c.n.n.security.HasRoleAspect - Access granted: User admin@email.com called method products with roles: [ADMIN]
2026-05-24 21:15:53 [http-nio-8080-exec-4] DEBUG c.n.nexxclinic.auth.JwtService - Successfully parsed token for principal: admin@email.com with roles: [ADMIN]
2026-05-24 21:15:53 [http-nio-8080-exec-4] DEBUG c.n.n.config.GraphQlAuthInterceptor - Token parsed successfully for user: admin@email.com
2026-05-24 21:15:53 [http-nio-8080-exec-4] DEBUG c.n.nexxclinic.auth.JwtService - Converting token info to authenticated user: admin@email.com
2026-05-24 21:15:53 [http-nio-8080-exec-4] DEBUG c.n.n.config.GraphQlAuthInterceptor - User authenticated: admin@email.com with roles: [ADMIN]
2026-05-24 21:15:53 [http-nio-8080-exec-4] DEBUG c.n.n.security.HasRoleAspect - Access granted: User admin@email.com called method products with roles: [ADMIN]
2026-05-24 21:15:55 [http-nio-8080-exec-7] DEBUG c.n.nexxclinic.auth.JwtService - Successfully parsed token for principal: admin@email.com with roles: [ADMIN]
2026-05-24 21:15:55 [http-nio-8080-exec-7] DEBUG c.n.n.config.GraphQlAuthInterceptor - Token parsed successfully for user: admin@email.com
2026-05-24 21:15:55 [http-nio-8080-exec-7] DEBUG c.n.nexxclinic.auth.JwtService - Converting token info to authenticated user: admin@email.com
2026-05-24 21:15:55 [http-nio-8080-exec-7] DEBUG c.n.n.config.GraphQlAuthInterceptor - User authenticated: admin@email.com with roles: [ADMIN]
2026-05-24 21:15:55 [http-nio-8080-exec-7] DEBUG c.n.n.security.HasRoleAspect - Access granted: User admin@email.com called method products with roles: [ADMIN]
2026-05-24 21:23:12 [http-nio-8080-exec-6] DEBUG c.n.nexxclinic.auth.JwtService - Successfully parsed token for principal: admin@email.com with roles: [ADMIN]
2026-05-24 21:23:12 [http-nio-8080-exec-6] DEBUG c.n.n.config.GraphQlAuthInterceptor - Token parsed successfully for user: admin@email.com
2026-05-24 21:23:12 [http-nio-8080-exec-6] DEBUG c.n.nexxclinic.auth.JwtService - Converting token info to authenticated user: admin@email.com
2026-05-24 21:23:12 [http-nio-8080-exec-6] DEBUG c.n.n.config.GraphQlAuthInterceptor - User authenticated: admin@email.com with roles: [ADMIN]
2026-05-24 21:23:12 [http-nio-8080-exec-6] DEBUG c.n.n.security.HasRoleAspect - Access granted: User admin@email.com called method products with roles: [ADMIN]
2026-05-24 21:23:21 [http-nio-8080-exec-9] DEBUG c.n.nexxclinic.auth.JwtService - Successfully parsed token for principal: admin@email.com with roles: [ADMIN]
2026-05-24 21:23:21 [http-nio-8080-exec-9] DEBUG c.n.n.config.GraphQlAuthInterceptor - Token parsed successfully for user: admin@email.com
2026-05-24 21:23:21 [http-nio-8080-exec-9] DEBUG c.n.nexxclinic.auth.JwtService - Converting token info to authenticated user: admin@email.com
2026-05-24 21:23:21 [http-nio-8080-exec-9] DEBUG c.n.n.config.GraphQlAuthInterceptor - User authenticated: admin@email.com with roles: [ADMIN]
2026-05-24 21:23:21 [http-nio-8080-exec-9] DEBUG c.n.n.security.HasRoleAspect - Access granted: User admin@email.com called method products with roles: [ADMIN]
2026-05-24 21:23:23 [http-nio-8080-exec-10] DEBUG c.n.nexxclinic.auth.JwtService - Successfully parsed token for principal: admin@email.com with roles: [ADMIN]
2026-05-24 21:23:23 [http-nio-8080-exec-10] DEBUG c.n.n.config.GraphQlAuthInterceptor - Token parsed successfully for user: admin@email.com
2026-05-24 21:23:23 [http-nio-8080-exec-10] DEBUG c.n.nexxclinic.auth.JwtService - Converting token info to authenticated user: admin@email.com
2026-05-24 21:23:23 [http-nio-8080-exec-10] DEBUG c.n.n.config.GraphQlAuthInterceptor - User authenticated: admin@email.com with roles: [ADMIN]
2026-05-24 21:23:23 [http-nio-8080-exec-10] DEBUG c.n.n.security.HasRoleAspect - Access granted: User admin@email.com called method products with roles: [ADMIN]
2026-05-24 21:40:25 [http-nio-8080-exec-4] DEBUG c.n.nexxclinic.auth.JwtService - Successfully parsed token for principal: admin@email.com with roles: [ADMIN]
2026-05-24 21:40:25 [http-nio-8080-exec-4] DEBUG c.n.n.config.GraphQlAuthInterceptor - Token parsed successfully for user: admin@email.com
2026-05-24 21:40:25 [http-nio-8080-exec-4] DEBUG c.n.nexxclinic.auth.JwtService - Converting token info to authenticated user: admin@email.com
2026-05-24 21:40:25 [http-nio-8080-exec-4] DEBUG c.n.n.config.GraphQlAuthInterceptor - User authenticated: admin@email.com with roles: [ADMIN]
2026-05-24 21:40:25 [http-nio-8080-exec-4] DEBUG c.n.n.security.HasRoleAspect - Access granted: User admin@email.com called method products with roles: [ADMIN]
2026-05-24 21:40:27 [http-nio-8080-exec-7] DEBUG c.n.nexxclinic.auth.JwtService - Successfully parsed token for principal: admin@email.com with roles: [ADMIN]
2026-05-24 21:40:27 [http-nio-8080-exec-7] DEBUG c.n.n.config.GraphQlAuthInterceptor - Token parsed successfully for user: admin@email.com
2026-05-24 21:40:27 [http-nio-8080-exec-7] DEBUG c.n.nexxclinic.auth.JwtService - Converting token info to authenticated user: admin@email.com
2026-05-24 21:40:27 [http-nio-8080-exec-7] DEBUG c.n.n.config.GraphQlAuthInterceptor - User authenticated: admin@email.com with roles: [ADMIN]
2026-05-24 21:40:27 [http-nio-8080-exec-7] DEBUG c.n.n.security.HasRoleAspect - Access granted: User admin@email.com called method products with roles: [ADMIN]
2026-05-24 21:40:35 [http-nio-8080-exec-5] DEBUG c.n.nexxclinic.auth.JwtService - Successfully parsed token for principal: admin@email.com with roles: [ADMIN]
2026-05-24 21:40:35 [http-nio-8080-exec-5] DEBUG c.n.n.config.GraphQlAuthInterceptor - Token parsed successfully for user: admin@email.com
2026-05-24 21:40:35 [http-nio-8080-exec-5] DEBUG c.n.nexxclinic.auth.JwtService - Converting token info to authenticated user: admin@email.com
2026-05-24 21:40:35 [http-nio-8080-exec-5] DEBUG c.n.n.config.GraphQlAuthInterceptor - User authenticated: admin@email.com with roles: [ADMIN]
2026-05-24 21:40:35 [http-nio-8080-exec-5] DEBUG c.n.n.security.HasRoleAspect - Access granted: User admin@email.com called method products with roles: [ADMIN]
2026-05-24 21:40:36 [http-nio-8080-exec-8] DEBUG c.n.nexxclinic.auth.JwtService - Successfully parsed token for principal: admin@email.com with roles: [ADMIN]
2026-05-24 21:40:36 [http-nio-8080-exec-8] DEBUG c.n.n.config.GraphQlAuthInterceptor - Token parsed successfully for user: admin@email.com
2026-05-24 21:40:36 [http-nio-8080-exec-8] DEBUG c.n.nexxclinic.auth.JwtService - Converting token info to authenticated user: admin@email.com
2026-05-24 21:40:36 [http-nio-8080-exec-8] DEBUG c.n.n.config.GraphQlAuthInterceptor - User authenticated: admin@email.com with roles: [ADMIN]
2026-05-24 21:40:36 [http-nio-8080-exec-8] DEBUG c.n.n.security.HasRoleAspect - Access granted: User admin@email.com called method products with roles: [ADMIN]
2026-05-24 21:40:38 [http-nio-8080-exec-6] DEBUG c.n.nexxclinic.auth.JwtService - Successfully parsed token for principal: admin@email.com with roles: [ADMIN]
2026-05-24 21:40:38 [http-nio-8080-exec-6] DEBUG c.n.n.config.GraphQlAuthInterceptor - Token parsed successfully for user: admin@email.com
2026-05-24 21:40:38 [http-nio-8080-exec-6] DEBUG c.n.nexxclinic.auth.JwtService - Converting token info to authenticated user: admin@email.com
2026-05-24 21:40:38 [http-nio-8080-exec-6] DEBUG c.n.n.config.GraphQlAuthInterceptor - User authenticated: admin@email.com with roles: [ADMIN]
2026-05-24 21:40:38 [http-nio-8080-exec-6] DEBUG c.n.n.security.HasRoleAspect - Access granted: User admin@email.com called method products with roles: [ADMIN]
2026-05-24 21:40:39 [http-nio-8080-exec-3] DEBUG c.n.nexxclinic.auth.JwtService - Successfully parsed token for principal: admin@email.com with roles: [ADMIN]
2026-05-24 21:40:39 [http-nio-8080-exec-3] DEBUG c.n.n.config.GraphQlAuthInterceptor - Token parsed successfully for user: admin@email.com
2026-05-24 21:40:39 [http-nio-8080-exec-3] DEBUG c.n.nexxclinic.auth.JwtService - Converting token info to authenticated user: admin@email.com
2026-05-24 21:40:39 [http-nio-8080-exec-3] DEBUG c.n.n.config.GraphQlAuthInterceptor - User authenticated: admin@email.com with roles: [ADMIN]
2026-05-24 21:40:39 [http-nio-8080-exec-3] DEBUG c.n.n.security.HasRoleAspect - Access granted: User admin@email.com called method products with roles: [ADMIN]
2026-05-24 21:40:40 [http-nio-8080-exec-9] DEBUG c.n.nexxclinic.auth.JwtService - Successfully parsed token for principal: admin@email.com with roles: [ADMIN]
2026-05-24 21:40:40 [http-nio-8080-exec-9] DEBUG c.n.n.config.GraphQlAuthInterceptor - Token parsed successfully for user: admin@email.com
2026-05-24 21:40:40 [http-nio-8080-exec-9] DEBUG c.n.nexxclinic.auth.JwtService - Converting token info to authenticated user: admin@email.com
2026-05-24 21:40:40 [http-nio-8080-exec-9] DEBUG c.n.n.config.GraphQlAuthInterceptor - User authenticated: admin@email.com with roles: [ADMIN]
2026-05-24 21:40:40 [http-nio-8080-exec-9] DEBUG c.n.n.security.HasRoleAspect - Access granted: User admin@email.com called method products with roles: [ADMIN]
2026-05-24 21:40:43 [http-nio-8080-exec-2] DEBUG c.n.nexxclinic.auth.JwtService - Successfully parsed token for principal: admin@email.com with roles: [ADMIN]
2026-05-24 21:40:43 [http-nio-8080-exec-2] DEBUG c.n.n.config.GraphQlAuthInterceptor - Token parsed successfully for user: admin@email.com
2026-05-24 21:40:43 [http-nio-8080-exec-2] DEBUG c.n.nexxclinic.auth.JwtService - Converting token info to authenticated user: admin@email.com
2026-05-24 21:40:43 [http-nio-8080-exec-2] DEBUG c.n.n.config.GraphQlAuthInterceptor - User authenticated: admin@email.com with roles: [ADMIN]
2026-05-24 21:40:43 [http-nio-8080-exec-2] DEBUG c.n.n.security.HasRoleAspect - Access granted: User admin@email.com called method products with roles: [ADMIN]
2026-05-24 21:42:11 [http-nio-8080-exec-7] DEBUG c.n.nexxclinic.auth.JwtService - Successfully parsed token for principal: admin@email.com with roles: [ADMIN]
2026-05-24 21:42:11 [http-nio-8080-exec-7] DEBUG c.n.n.config.GraphQlAuthInterceptor - Token parsed successfully for user: admin@email.com
2026-05-24 21:42:11 [http-nio-8080-exec-7] DEBUG c.n.nexxclinic.auth.JwtService - Converting token info to authenticated user: admin@email.com
2026-05-24 21:42:11 [http-nio-8080-exec-7] DEBUG c.n.n.config.GraphQlAuthInterceptor - User authenticated: admin@email.com with roles: [ADMIN]
2026-05-24 21:42:11 [http-nio-8080-exec-7] DEBUG c.n.n.security.HasRoleAspect - Access granted: User admin@email.com called method products with roles: [ADMIN]
2026-05-24 21:42:12 [http-nio-8080-exec-5] DEBUG c.n.nexxclinic.auth.JwtService - Successfully parsed token for principal: admin@email.com with roles: [ADMIN]
2026-05-24 21:42:12 [http-nio-8080-exec-5] DEBUG c.n.n.config.GraphQlAuthInterceptor - Token parsed successfully for user: admin@email.com
2026-05-24 21:42:12 [http-nio-8080-exec-5] DEBUG c.n.nexxclinic.auth.JwtService - Converting token info to authenticated user: admin@email.com
2026-05-24 21:42:12 [http-nio-8080-exec-5] DEBUG c.n.n.config.GraphQlAuthInterceptor - User authenticated: admin@email.com with roles: [ADMIN]
2026-05-24 21:42:12 [http-nio-8080-exec-5] DEBUG c.n.n.security.HasRoleAspect - Access granted: User admin@email.com called method products with roles: [ADMIN]
2026-05-24 21:42:13 [http-nio-8080-exec-6] DEBUG c.n.nexxclinic.auth.JwtService - Successfully parsed token for principal: admin@email.com with roles: [ADMIN]
2026-05-24 21:42:13 [http-nio-8080-exec-6] DEBUG c.n.n.config.GraphQlAuthInterceptor - Token parsed successfully for user: admin@email.com
2026-05-24 21:42:13 [http-nio-8080-exec-6] DEBUG c.n.nexxclinic.auth.JwtService - Converting token info to authenticated user: admin@email.com
2026-05-24 21:42:13 [http-nio-8080-exec-6] DEBUG c.n.n.config.GraphQlAuthInterceptor - User authenticated: admin@email.com with roles: [ADMIN]
2026-05-24 21:42:13 [http-nio-8080-exec-6] DEBUG c.n.n.security.HasRoleAspect - Access granted: User admin@email.com called method products with roles: [ADMIN]
2026-05-24 21:42:14 [http-nio-8080-exec-3] DEBUG c.n.nexxclinic.auth.JwtService - Successfully parsed token for principal: admin@email.com with roles: [ADMIN]
2026-05-24 21:42:14 [http-nio-8080-exec-3] DEBUG c.n.n.config.GraphQlAuthInterceptor - Token parsed successfully for user: admin@email.com
2026-05-24 21:42:14 [http-nio-8080-exec-3] DEBUG c.n.nexxclinic.auth.JwtService - Converting token info to authenticated user: admin@email.com
2026-05-24 21:42:14 [http-nio-8080-exec-3] DEBUG c.n.n.config.GraphQlAuthInterceptor - User authenticated: admin@email.com with roles: [ADMIN]
2026-05-24 21:42:14 [http-nio-8080-exec-3] DEBUG c.n.n.security.HasRoleAspect - Access granted: User admin@email.com called method products with roles: [ADMIN]
2026-05-24 21:42:15 [http-nio-8080-exec-10] DEBUG c.n.nexxclinic.auth.JwtService - Successfully parsed token for principal: admin@email.com with roles: [ADMIN]
2026-05-24 21:42:15 [http-nio-8080-exec-10] DEBUG c.n.n.config.GraphQlAuthInterceptor - Token parsed successfully for user: admin@email.com
2026-05-24 21:42:15 [http-nio-8080-exec-10] DEBUG c.n.nexxclinic.auth.JwtService - Converting token info to authenticated user: admin@email.com
2026-05-24 21:42:15 [http-nio-8080-exec-10] DEBUG c.n.n.config.GraphQlAuthInterceptor - User authenticated: admin@email.com with roles: [ADMIN]
2026-05-24 21:42:15 [http-nio-8080-exec-10] DEBUG c.n.n.security.HasRoleAspect - Access granted: User admin@email.com called method products with roles: [ADMIN]
2026-05-24 21:42:17 [http-nio-8080-exec-2] DEBUG c.n.nexxclinic.auth.JwtService - Successfully parsed token for principal: admin@email.com with roles: [ADMIN]
2026-05-24 21:42:17 [http-nio-8080-exec-2] DEBUG c.n.n.config.GraphQlAuthInterceptor - Token parsed successfully for user: admin@email.com
2026-05-24 21:42:17 [http-nio-8080-exec-2] DEBUG c.n.nexxclinic.auth.JwtService - Converting token info to authenticated user: admin@email.com
2026-05-24 21:42:17 [http-nio-8080-exec-2] DEBUG c.n.n.config.GraphQlAuthInterceptor - User authenticated: admin@email.com with roles: [ADMIN]
2026-05-24 21:42:17 [http-nio-8080-exec-2] DEBUG c.n.n.security.HasRoleAspect - Access granted: User admin@email.com called method products with roles: [ADMIN]
2026-05-24 21:42:18 [http-nio-8080-exec-4] DEBUG c.n.nexxclinic.auth.JwtService - Successfully parsed token for principal: admin@email.com with roles: [ADMIN]
2026-05-24 21:42:18 [http-nio-8080-exec-4] DEBUG c.n.n.config.GraphQlAuthInterceptor - Token parsed successfully for user: admin@email.com
2026-05-24 21:42:18 [http-nio-8080-exec-4] DEBUG c.n.nexxclinic.auth.JwtService - Converting token info to authenticated user: admin@email.com
2026-05-24 21:42:18 [http-nio-8080-exec-4] DEBUG c.n.n.config.GraphQlAuthInterceptor - User authenticated: admin@email.com with roles: [ADMIN]
2026-05-24 21:42:18 [http-nio-8080-exec-4] DEBUG c.n.n.security.HasRoleAspect - Access granted: User admin@email.com called method products with roles: [ADMIN]
2026-05-24 21:42:19 [http-nio-8080-exec-7] DEBUG c.n.nexxclinic.auth.JwtService - Successfully parsed token for principal: admin@email.com with roles: [ADMIN]
2026-05-24 21:42:19 [http-nio-8080-exec-7] DEBUG c.n.n.config.GraphQlAuthInterceptor - Token parsed successfully for user: admin@email.com
2026-05-24 21:42:19 [http-nio-8080-exec-7] DEBUG c.n.nexxclinic.auth.JwtService - Converting token info to authenticated user: admin@email.com
2026-05-24 21:42:19 [http-nio-8080-exec-7] DEBUG c.n.n.config.GraphQlAuthInterceptor - User authenticated: admin@email.com with roles: [ADMIN]
2026-05-24 21:42:19 [http-nio-8080-exec-7] DEBUG c.n.n.security.HasRoleAspect - Access granted: User admin@email.com called method products with roles: [ADMIN]
2026-05-24 21:42:44 [http-nio-8080-exec-8] DEBUG c.n.nexxclinic.auth.JwtService - Successfully parsed token for principal: admin@email.com with roles: [ADMIN]
2026-05-24 21:42:44 [http-nio-8080-exec-8] DEBUG c.n.n.config.GraphQlAuthInterceptor - Token parsed successfully for user: admin@email.com
2026-05-24 21:42:44 [http-nio-8080-exec-8] DEBUG c.n.nexxclinic.auth.JwtService - Converting token info to authenticated user: admin@email.com
2026-05-24 21:42:44 [http-nio-8080-exec-8] DEBUG c.n.n.config.GraphQlAuthInterceptor - User authenticated: admin@email.com with roles: [ADMIN]
2026-05-24 21:42:44 [http-nio-8080-exec-8] DEBUG c.n.n.security.HasRoleAspect - Access granted: User admin@email.com called method products with roles: [ADMIN]
2026-05-24 21:42:45 [http-nio-8080-exec-6] DEBUG c.n.nexxclinic.auth.JwtService - Successfully parsed token for principal: admin@email.com with roles: [ADMIN]
2026-05-24 21:42:45 [http-nio-8080-exec-6] DEBUG c.n.n.config.GraphQlAuthInterceptor - Token parsed successfully for user: admin@email.com
2026-05-24 21:42:45 [http-nio-8080-exec-6] DEBUG c.n.nexxclinic.auth.JwtService - Converting token info to authenticated user: admin@email.com
2026-05-24 21:42:45 [http-nio-8080-exec-6] DEBUG c.n.n.config.GraphQlAuthInterceptor - User authenticated: admin@email.com with roles: [ADMIN]
2026-05-24 21:42:45 [http-nio-8080-exec-6] DEBUG c.n.n.security.HasRoleAspect - Access granted: User admin@email.com called method products with roles: [ADMIN]
2026-05-24 21:53:11 [http-nio-8080-exec-2] DEBUG c.n.nexxclinic.auth.JwtService - Successfully parsed token for principal: admin@email.com with roles: [ADMIN]
2026-05-24 21:53:11 [http-nio-8080-exec-1] DEBUG c.n.nexxclinic.auth.JwtService - Successfully parsed token for principal: admin@email.com with roles: [ADMIN]
2026-05-24 21:53:11 [http-nio-8080-exec-2] DEBUG c.n.n.config.GraphQlAuthInterceptor - Token parsed successfully for user: admin@email.com
2026-05-24 21:53:11 [http-nio-8080-exec-2] DEBUG c.n.nexxclinic.auth.JwtService - Converting token info to authenticated user: admin@email.com
2026-05-24 21:53:11 [http-nio-8080-exec-2] DEBUG c.n.n.config.GraphQlAuthInterceptor - User authenticated: admin@email.com with roles: [ADMIN]
2026-05-24 21:53:11 [http-nio-8080-exec-1] DEBUG c.n.n.config.GraphQlAuthInterceptor - Token parsed successfully for user: admin@email.com
2026-05-24 21:53:11 [http-nio-8080-exec-1] DEBUG c.n.nexxclinic.auth.JwtService - Converting token info to authenticated user: admin@email.com
2026-05-24 21:53:11 [http-nio-8080-exec-1] DEBUG c.n.n.config.GraphQlAuthInterceptor - User authenticated: admin@email.com with roles: [ADMIN]
2026-05-24 21:53:11 [http-nio-8080-exec-1] DEBUG c.n.n.security.HasRoleAspect - Access granted: User admin@email.com called method getForms with roles: [ADMIN]
2026-05-24 21:53:11 [http-nio-8080-exec-2] DEBUG c.n.n.security.HasRoleAspect - Access granted: User admin@email.com called method departments with roles: [ADMIN]
2026-05-24 21:54:13 [http-nio-8080-exec-8] DEBUG c.n.nexxclinic.auth.JwtService - Successfully parsed token for principal: admin@email.com with roles: [ADMIN]
2026-05-24 21:54:13 [http-nio-8080-exec-8] DEBUG c.n.n.config.GraphQlAuthInterceptor - Token parsed successfully for user: admin@email.com
2026-05-24 21:54:13 [http-nio-8080-exec-8] DEBUG c.n.nexxclinic.auth.JwtService - Converting token info to authenticated user: admin@email.com
2026-05-24 21:54:13 [http-nio-8080-exec-8] DEBUG c.n.n.config.GraphQlAuthInterceptor - User authenticated: admin@email.com with roles: [ADMIN]
2026-05-24 21:54:13 [http-nio-8080-exec-8] DEBUG c.n.n.security.HasRoleAspect - Access granted: User admin@email.com called method products with roles: [ADMIN]
2026-05-24 21:54:13 [http-nio-8080-exec-3] DEBUG c.n.nexxclinic.auth.JwtService - Successfully parsed token for principal: admin@email.com with roles: [ADMIN]
2026-05-24 21:54:13 [http-nio-8080-exec-3] DEBUG c.n.n.config.GraphQlAuthInterceptor - Token parsed successfully for user: admin@email.com
2026-05-24 21:54:13 [http-nio-8080-exec-3] DEBUG c.n.nexxclinic.auth.JwtService - Converting token info to authenticated user: admin@email.com
2026-05-24 21:54:13 [http-nio-8080-exec-3] DEBUG c.n.n.config.GraphQlAuthInterceptor - User authenticated: admin@email.com with roles: [ADMIN]
2026-05-24 21:54:13 [http-nio-8080-exec-3] DEBUG c.n.n.security.HasRoleAspect - Access granted: User admin@email.com called method products with roles: [ADMIN]
2026-05-24 21:54:15 [http-nio-8080-exec-9] DEBUG c.n.nexxclinic.auth.JwtService - Successfully parsed token for principal: admin@email.com with roles: [ADMIN]
2026-05-24 21:54:15 [http-nio-8080-exec-9] DEBUG c.n.n.config.GraphQlAuthInterceptor - Token parsed successfully for user: admin@email.com
2026-05-24 21:54:15 [http-nio-8080-exec-9] DEBUG c.n.nexxclinic.auth.JwtService - Converting token info to authenticated user: admin@email.com
2026-05-24 21:54:15 [http-nio-8080-exec-9] DEBUG c.n.n.config.GraphQlAuthInterceptor - User authenticated: admin@email.com with roles: [ADMIN]
2026-05-24 21:54:15 [http-nio-8080-exec-9] DEBUG c.n.n.security.HasRoleAspect - Access granted: User admin@email.com called method products with roles: [ADMIN]
2026-05-24 21:54:17 [http-nio-8080-exec-10] DEBUG c.n.nexxclinic.auth.JwtService - Successfully parsed token for principal: admin@email.com with roles: [ADMIN]
2026-05-24 21:54:17 [http-nio-8080-exec-10] DEBUG c.n.n.config.GraphQlAuthInterceptor - Token parsed successfully for user: admin@email.com
2026-05-24 21:54:17 [http-nio-8080-exec-10] DEBUG c.n.nexxclinic.auth.JwtService - Converting token info to authenticated user: admin@email.com
2026-05-24 21:54:17 [http-nio-8080-exec-10] DEBUG c.n.n.config.GraphQlAuthInterceptor - User authenticated: admin@email.com with roles: [ADMIN]
2026-05-24 21:54:17 [http-nio-8080-exec-10] DEBUG c.n.n.security.HasRoleAspect - Access granted: User admin@email.com called method products with roles: [ADMIN]
2026-05-24 21:54:28 [http-nio-8080-exec-1] DEBUG c.n.nexxclinic.auth.JwtService - Successfully parsed token for principal: admin@email.com with roles: [ADMIN]
2026-05-24 21:54:28 [http-nio-8080-exec-1] DEBUG c.n.n.config.GraphQlAuthInterceptor - Token parsed successfully for user: admin@email.com
2026-05-24 21:54:28 [http-nio-8080-exec-1] DEBUG c.n.nexxclinic.auth.JwtService - Converting token info to authenticated user: admin@email.com
2026-05-24 21:54:28 [http-nio-8080-exec-1] DEBUG c.n.n.config.GraphQlAuthInterceptor - User authenticated: admin@email.com with roles: [ADMIN]
2026-05-24 21:54:28 [http-nio-8080-exec-1] DEBUG c.n.n.security.HasRoleAspect - Access granted: User admin@email.com called method products with roles: [ADMIN]
2026-05-24 21:54:28 [http-nio-8080-exec-4] DEBUG c.n.nexxclinic.auth.JwtService - Successfully parsed token for principal: admin@email.com with roles: [ADMIN]
2026-05-24 21:54:28 [http-nio-8080-exec-4] DEBUG c.n.n.config.GraphQlAuthInterceptor - Token parsed successfully for user: admin@email.com
2026-05-24 21:54:28 [http-nio-8080-exec-4] DEBUG c.n.nexxclinic.auth.JwtService - Converting token info to authenticated user: admin@email.com
2026-05-24 21:54:28 [http-nio-8080-exec-4] DEBUG c.n.n.config.GraphQlAuthInterceptor - User authenticated: admin@email.com with roles: [ADMIN]
2026-05-24 21:54:28 [http-nio-8080-exec-4] DEBUG c.n.n.security.HasRoleAspect - Access granted: User admin@email.com called method products with roles: [ADMIN]
2026-05-24 21:54:31 [http-nio-8080-exec-7] DEBUG c.n.nexxclinic.auth.JwtService - Successfully parsed token for principal: admin@email.com with roles: [ADMIN]
2026-05-24 21:54:31 [http-nio-8080-exec-7] DEBUG c.n.n.config.GraphQlAuthInterceptor - Token parsed successfully for user: admin@email.com
2026-05-24 21:54:31 [http-nio-8080-exec-7] DEBUG c.n.nexxclinic.auth.JwtService - Converting token info to authenticated user: admin@email.com
2026-05-24 21:54:31 [http-nio-8080-exec-7] DEBUG c.n.n.config.GraphQlAuthInterceptor - User authenticated: admin@email.com with roles: [ADMIN]
2026-05-24 21:54:31 [http-nio-8080-exec-7] DEBUG c.n.n.security.HasRoleAspect - Access granted: User admin@email.com called method products with roles: [ADMIN]
2026-05-24 21:54:33 [http-nio-8080-exec-8] DEBUG c.n.nexxclinic.auth.JwtService - Successfully parsed token for principal: admin@email.com with roles: [ADMIN]
2026-05-24 21:54:33 [http-nio-8080-exec-8] DEBUG c.n.n.config.GraphQlAuthInterceptor - Token parsed successfully for user: admin@email.com
2026-05-24 21:54:33 [http-nio-8080-exec-8] DEBUG c.n.nexxclinic.auth.JwtService - Converting token info to authenticated user: admin@email.com
2026-05-24 21:54:33 [http-nio-8080-exec-8] DEBUG c.n.n.config.GraphQlAuthInterceptor - User authenticated: admin@email.com with roles: [ADMIN]
2026-05-24 21:54:33 [http-nio-8080-exec-8] DEBUG c.n.n.security.HasRoleAspect - Access granted: User admin@email.com called method products with roles: [ADMIN]
2026-05-24 23:00:57 [http-nio-8080-exec-1] DEBUG c.n.nexxclinic.auth.JwtService - Successfully parsed token for principal: admin@email.com with roles: [ADMIN]
2026-05-24 23:00:57 [http-nio-8080-exec-10] DEBUG c.n.nexxclinic.auth.JwtService - Successfully parsed token for principal: admin@email.com with roles: [ADMIN]
2026-05-24 23:00:57 [http-nio-8080-exec-1] DEBUG c.n.n.config.GraphQlAuthInterceptor - Token parsed successfully for user: admin@email.com
2026-05-24 23:00:57 [http-nio-8080-exec-10] DEBUG c.n.n.config.GraphQlAuthInterceptor - Token parsed successfully for user: admin@email.com
2026-05-24 23:00:57 [http-nio-8080-exec-1] DEBUG c.n.nexxclinic.auth.JwtService - Converting token info to authenticated user: admin@email.com
2026-05-24 23:00:57 [http-nio-8080-exec-10] DEBUG c.n.nexxclinic.auth.JwtService - Converting token info to authenticated user: admin@email.com
2026-05-24 23:00:57 [http-nio-8080-exec-1] DEBUG c.n.n.config.GraphQlAuthInterceptor - User authenticated: admin@email.com with roles: [ADMIN]
2026-05-24 23:00:57 [http-nio-8080-exec-10] DEBUG c.n.n.config.GraphQlAuthInterceptor - User authenticated: admin@email.com with roles: [ADMIN]
2026-05-24 23:00:57 [http-nio-8080-exec-1] DEBUG c.n.n.security.HasRoleAspect - Access granted: User admin@email.com called method getForms with roles: [ADMIN]
2026-05-24 23:00:57 [http-nio-8080-exec-10] DEBUG c.n.n.security.HasRoleAspect - Access granted: User admin@email.com called method departments with roles: [ADMIN]
2026-05-24 23:01:32 [http-nio-8080-exec-4] DEBUG c.n.nexxclinic.auth.JwtService - Successfully parsed token for principal: admin@email.com with roles: [ADMIN]
2026-05-24 23:01:32 [http-nio-8080-exec-4] DEBUG c.n.n.config.GraphQlAuthInterceptor - Token parsed successfully for user: admin@email.com
2026-05-24 23:01:32 [http-nio-8080-exec-4] DEBUG c.n.nexxclinic.auth.JwtService - Converting token info to authenticated user: admin@email.com
2026-05-24 23:01:32 [http-nio-8080-exec-4] DEBUG c.n.n.config.GraphQlAuthInterceptor - User authenticated: admin@email.com with roles: [ADMIN]
2026-05-24 23:01:32 [http-nio-8080-exec-4] DEBUG c.n.n.security.HasRoleAspect - Access granted: User admin@email.com called method products with roles: [ADMIN]
2026-05-24 23:01:32 [http-nio-8080-exec-5] DEBUG c.n.nexxclinic.auth.JwtService - Successfully parsed token for principal: admin@email.com with roles: [ADMIN]
2026-05-24 23:01:32 [http-nio-8080-exec-5] DEBUG c.n.n.config.GraphQlAuthInterceptor - Token parsed successfully for user: admin@email.com
2026-05-24 23:01:32 [http-nio-8080-exec-5] DEBUG c.n.nexxclinic.auth.JwtService - Converting token info to authenticated user: admin@email.com
2026-05-24 23:01:32 [http-nio-8080-exec-5] DEBUG c.n.n.config.GraphQlAuthInterceptor - User authenticated: admin@email.com with roles: [ADMIN]
2026-05-24 23:01:32 [http-nio-8080-exec-5] DEBUG c.n.n.security.HasRoleAspect - Access granted: User admin@email.com called method products with roles: [ADMIN]
2026-05-24 23:01:34 [http-nio-8080-exec-8] DEBUG c.n.nexxclinic.auth.JwtService - Successfully parsed token for principal: admin@email.com with roles: [ADMIN]
2026-05-24 23:01:34 [http-nio-8080-exec-8] DEBUG c.n.n.config.GraphQlAuthInterceptor - Token parsed successfully for user: admin@email.com
2026-05-24 23:01:34 [http-nio-8080-exec-8] DEBUG c.n.nexxclinic.auth.JwtService - Converting token info to authenticated user: admin@email.com
2026-05-24 23:01:34 [http-nio-8080-exec-8] DEBUG c.n.n.config.GraphQlAuthInterceptor - User authenticated: admin@email.com with roles: [ADMIN]
2026-05-24 23:01:34 [http-nio-8080-exec-8] DEBUG c.n.n.security.HasRoleAspect - Access granted: User admin@email.com called method products with roles: [ADMIN]
2026-05-24 23:01:35 [http-nio-8080-exec-6] DEBUG c.n.nexxclinic.auth.JwtService - Successfully parsed token for principal: admin@email.com with roles: [ADMIN]
2026-05-24 23:01:35 [http-nio-8080-exec-6] DEBUG c.n.n.config.GraphQlAuthInterceptor - Token parsed successfully for user: admin@email.com
2026-05-24 23:01:35 [http-nio-8080-exec-6] DEBUG c.n.nexxclinic.auth.JwtService - Converting token info to authenticated user: admin@email.com
2026-05-24 23:01:35 [http-nio-8080-exec-6] DEBUG c.n.n.config.GraphQlAuthInterceptor - User authenticated: admin@email.com with roles: [ADMIN]
2026-05-24 23:01:35 [http-nio-8080-exec-6] DEBUG c.n.n.security.HasRoleAspect - Access granted: User admin@email.com called method products with roles: [ADMIN]
2026-05-24 23:01:45 [http-nio-8080-exec-9] DEBUG c.n.nexxclinic.auth.JwtService - Successfully parsed token for principal: admin@email.com with roles: [ADMIN]
2026-05-24 23:01:45 [http-nio-8080-exec-9] DEBUG c.n.n.config.GraphQlAuthInterceptor - Token parsed successfully for user: admin@email.com
2026-05-24 23:01:45 [http-nio-8080-exec-9] DEBUG c.n.nexxclinic.auth.JwtService - Converting token info to authenticated user: admin@email.com
2026-05-24 23:01:45 [http-nio-8080-exec-9] DEBUG c.n.n.config.GraphQlAuthInterceptor - User authenticated: admin@email.com with roles: [ADMIN]
2026-05-24 23:01:45 [http-nio-8080-exec-9] DEBUG c.n.n.security.HasRoleAspect - Access granted: User admin@email.com called method products with roles: [ADMIN]
2026-05-24 23:01:47 [http-nio-8080-exec-1] DEBUG c.n.nexxclinic.auth.JwtService - Successfully parsed token for principal: admin@email.com with roles: [ADMIN]
2026-05-24 23:01:47 [http-nio-8080-exec-1] DEBUG c.n.n.config.GraphQlAuthInterceptor - Token parsed successfully for user: admin@email.com
2026-05-24 23:01:47 [http-nio-8080-exec-1] DEBUG c.n.nexxclinic.auth.JwtService - Converting token info to authenticated user: admin@email.com
2026-05-24 23:01:47 [http-nio-8080-exec-1] DEBUG c.n.n.config.GraphQlAuthInterceptor - User authenticated: admin@email.com with roles: [ADMIN]
2026-05-24 23:01:47 [http-nio-8080-exec-1] DEBUG c.n.n.security.HasRoleAspect - Access granted: User admin@email.com called method products with roles: [ADMIN]
2026-05-24 23:01:49 [http-nio-8080-exec-10] DEBUG c.n.nexxclinic.auth.JwtService - Successfully parsed token for principal: admin@email.com with roles: [ADMIN]
2026-05-24 23:01:49 [http-nio-8080-exec-10] DEBUG c.n.n.config.GraphQlAuthInterceptor - Token parsed successfully for user: admin@email.com
2026-05-24 23:01:49 [http-nio-8080-exec-10] DEBUG c.n.nexxclinic.auth.JwtService - Converting token info to authenticated user: admin@email.com
2026-05-24 23:01:49 [http-nio-8080-exec-10] DEBUG c.n.n.config.GraphQlAuthInterceptor - User authenticated: admin@email.com with roles: [ADMIN]
2026-05-24 23:01:49 [http-nio-8080-exec-10] DEBUG c.n.n.security.HasRoleAspect - Access granted: User admin@email.com called method products with roles: [ADMIN]
2026-05-24 23:01:50 [http-nio-8080-exec-4] DEBUG c.n.nexxclinic.auth.JwtService - Successfully parsed token for principal: admin@email.com with roles: [ADMIN]
2026-05-24 23:01:50 [http-nio-8080-exec-4] DEBUG c.n.n.config.GraphQlAuthInterceptor - Token parsed successfully for user: admin@email.com
2026-05-24 23:01:50 [http-nio-8080-exec-4] DEBUG c.n.nexxclinic.auth.JwtService - Converting token info to authenticated user: admin@email.com
2026-05-24 23:01:50 [http-nio-8080-exec-4] DEBUG c.n.n.config.GraphQlAuthInterceptor - User authenticated: admin@email.com with roles: [ADMIN]
2026-05-24 23:01:50 [http-nio-8080-exec-4] DEBUG c.n.n.security.HasRoleAspect - Access granted: User admin@email.com called method products with roles: [ADMIN]
2026-05-24 23:01:52 [http-nio-8080-exec-7] DEBUG c.n.nexxclinic.auth.JwtService - Successfully parsed token for principal: admin@email.com with roles: [ADMIN]
2026-05-24 23:01:52 [http-nio-8080-exec-7] DEBUG c.n.n.config.GraphQlAuthInterceptor - Token parsed successfully for user: admin@email.com
2026-05-24 23:01:52 [http-nio-8080-exec-7] DEBUG c.n.nexxclinic.auth.JwtService - Converting token info to authenticated user: admin@email.com
2026-05-24 23:01:52 [http-nio-8080-exec-7] DEBUG c.n.n.config.GraphQlAuthInterceptor - User authenticated: admin@email.com with roles: [ADMIN]
2026-05-24 23:01:52 [http-nio-8080-exec-7] DEBUG c.n.n.security.HasRoleAspect - Access granted: User admin@email.com called method products with roles: [ADMIN]
2026-05-24 23:02:14 [SpringApplicationShutdownHook] INFO  o.s.boot.tomcat.GracefulShutdown - Commencing graceful shutdown. Waiting for active requests to complete
2026-05-24 23:02:15 [tomcat-shutdown] INFO  o.s.boot.tomcat.GracefulShutdown - Graceful shutdown complete
2026-05-24 23:02:15 [SpringApplicationShutdownHook] INFO  o.s.o.j.LocalContainerEntityManagerFactoryBean - Closing JPA EntityManagerFactory for persistence unit 'default'
2026-05-24 23:02:15 [SpringApplicationShutdownHook] INFO  com.zaxxer.hikari.HikariDataSource - HikariPool-1 - Shutdown initiated...
2026-05-24 23:02:15 [SpringApplicationShutdownHook] INFO  com.zaxxer.hikari.HikariDataSource - HikariPool-1 - Shutdown completed.
